Codigo	Empresa	Producto	Presentacion	Principio_activo
1	Abbott Laboratories de M‚xico, S.A. de C.V.	BLOPRESS	Caja con 14 tabletas de16 mg.	Candesartan Cilexetilo
2	Abbott Laboratories de M‚xico, S.A. de C.V.	BLOPRESS	Caja con 28 tabletas de 16 mg.	Candesartan Cilexetilo
3	Abbott Laboratories de M‚xico, S.A. de C.V.	BLOPRESS	Caja con 14 tabletas de 8 mg.	Candesartan Cilexetilo
4	Abbott Laboratories de M‚xico, S.A. de C.V.	BLOPRESS	Caja con 28 tabletas de 8 mg.	Candesartan Cilexetilo
5	Abbott Laboratories de M‚xico, S.A. de C.V.	BLOPRESS PLUS	Caja con 14 tabletas de16 mg./12.5 mg.	Candesartan Cilexetilo/Hidroclorotiazida
6	Abbott Laboratories de M‚xico, S.A. de C.V.	BLOPRESS PLUS	Caja con 28 tabletas de 16 mg./12.5 mg.	Candesartan Cilexetilo/Hidroclorotiazida
7	Abbott Laboratories de M‚xico, S.A. de C.V.	ZEMPLAR	Caja con 30 c psulas de 2 mcg	Paricalcitol
8	Abbott Laboratories de M‚xico, S.A. de C.V.	ZEMPLAR 	Caja con 5 ampolletas de 5 mcg/1 ml	Paricalcitol
9	ABBVIE Farmaceuticos S.A de C.V	HUMIRA	Jeringa Prellenada con autoinyector solución 40 mg	Adalimumab
10	ABBVIE Farmaceuticos S.A de C.V	HUMIRA	Caja con jeringa prellenada con 40 mg.	Adalimumab
11	ABBVIE Farmaceuticos S.A de C.V	KALETRA	Frasco con 160 ml. Solucion	Lopinavir /Ritonavir
12	ABBVIE Farmaceuticos S.A de C.V	KALETRA	Frasco con 120 tabletas 200 mg/ 50 mg.	Lopinavir /Ritonavir
13	ABBVIE Farmaceuticos S.A de C.V	KALETRA	Frasco con 60 tabletas 100 mg/ 25 mg.	Lopinavir /Ritonavir
14	ABBVIE Farmaceuticos S.A de C.V	NORVIR	2 frascos con 84 c psulas de 100 mg.	Ritonavir
15	ABBVIE Farmaceuticos S.A de C.V	NORVIR	Frasco con 30 tabletas de 100 mg.	Ritonavir
16	ABBVIE Farmaceuticos S.A de C.V	VIEKIRA PAK	Caja con 4 cajas individuales con 7 carteras con 2 tabletas y 2 tabletas (Dasabuvir)	Ombitasvir / Paritaprevir / Ritonavir y Dasabruvir
17	Actelion Pharmaceuticals, S.A. de C.V.	ZAVESCA	Caja con 84 c psulas de 100 mg	Miglustat
18	Alcon Laboratorios, S.A. de C.V:	NEVANAC	Frasco gotero con 5 ml.	Nepafenaco
19	Alcon Laboratorios, S.A. de C.V:	PATANOL	Caja con frasco gotero con 5 ml.	Olopatadina
20	Alcon Laboratorios, S.A. de C.V:	PATANOL 0.2%	Caja con frasco gotero con 2.5 ml.	Olopatadina
21	Alcon Laboratorios, S.A. de C.V:	VIGAMOXI	Frasco gotero con 5 ml.	Moxifloxacino
22	Amgen Mexico, S.A. de C.V.	ARANESP	Envase de burbuja con 4 viales de 20 mcg/0.5ml	Darbepoetina alfa
23	Amgen Mexico, S.A. de C.V.	ARANESP	Envase de burbuja con 4 viales de 30 mcg/0.3ml	Darbepoetina alfa
24	Amgen Mexico, S.A. de C.V.	ARANESP	Envase de burbuja con 4 viales de 40 mcg/0.4ml	Darbepoetina alfa
25	Amgen Mexico, S.A. de C.V.	ARANESP	Envase de burbuja con 4 viales de 60 mcg/0.3ml	Darbepoetina alfa
26	Amgen Mexico, S.A. de C.V.	ARANESP	Envase de burbuja con 4 jeringas de 100 mcg/0.5ml	Darbepoetina alfa
27	Amgen Mexico, S.A. de C.V.	ARANESP	Envase de burbuja con 1 vial de 300 mcg/0.6ml	Darbepoetina alfa
28	Amgen Mexico, S.A. de C.V.	ARANESP	Envase de burbuja con 1 vial de 500 mcg/1 ml	Darbepoetina alfa
29	Amgen Mexico, S.A. de C.V.	BLINCYTO	Caja con frasco de 35 mcg y un frasco con solucion estabilizadora IV	Blinatumomab
30	Amgen Mexico, S.A. de C.V.	MIMPARA	Frasco con 30 tabletas de 60 mg	Cinacaltec
31	Amgen Mexico, S.A. de C.V.	MIMPARA	Frasco con 30 tabletas de 30 mg	Cinacaltec
32	Amgen Mexico, S.A. de C.V.	NEULASTIM	Caja con 1 jeringa prellenada de 6 mg./0.6 ml.	Pegfilgrastim
33	Amgen Mexico, S.A. de C.V.	NPLATE	Frasco  mpula tipo I con polvo de 375 mcg	Romiplostim
34	Amgen Mexico, S.A. de C.V.	PROLIA	Cja con jeringa prellenada de mg/ml	Denosumab
35	Amgen Mexico, S.A. de C.V.	REPATHA	Caja con 1 pluma precargada con 140 mg./ml.	Evolocumab
36	Amgen Mexico, S.A. de C.V.	XGEVA	Frasco  mpula con 120mg / 1.7ml	Denosumab
37	Anchor Farma, S.A. de C.V:	PREDXAL	Caja con 14 tabletas de 80 mg.	Telmisartan
38	Anchor Farma, S.A. de C.V:	PREDXAL	Caja con 28 tabletas de 80 mg.	Telmisartan
39	Anchor Farma, S.A. de C.V:	PREDXAL	Caja con 28 tabs. de 40 mg.	Telmisartan
40	Anchor Farma, S.A. de C.V:	PREDXAL	Caja con 14 tabs. de 40 mg.	Telmisartan
41	Anchor Farma, S.A. de C.V:	PREDXAL PLUS	Caja con 14 tabletas de 80 mg. + 12.5 mg.	Telmisartan/Hidroclorotiazida
42	AstraZeneca, S.A. de C.V.	ACCOLATE	Caja con 28 tabletas de 20 mg.	Zafirlukast
43	AstraZeneca, S.A. de C.V.	ACCOLATE	Caja con 28 tabletas de 10 mg.	Zafirlukast
44	AstraZeneca, S.A. de C.V.	ARIMIDEX	Caja con 14 tabletas de 1 mg.	Anastrozol
45	AstraZeneca, S.A. de C.V.	ARIMIDEX	Caja con 28 tabletas de 1 mg.	Anastrozol
46	AstraZeneca, S.A. de C.V.	ATACAND	Caja con 10 tabletas de 8 mg.	Candesartand
47	AstraZeneca, S.A. de C.V.	ATACAND	Caja con 20 tabletas de 8 mg.	Candesartand
48	AstraZeneca, S.A. de C.V.	ATACAND	Caja con 10 tabletas de 16 mg.	Candesartand
49	AstraZeneca, S.A. de C.V.	ATACAND	Caja con 20 tabletas de 16 mg.	Candesartand
50	AstraZeneca, S.A. de C.V.	ATACAND	Caja con 28 tabletas de 8 mg.	Candesartand
51	AstraZeneca, S.A. de C.V.	ATACAND	Caja con 14 tabletas de 8 mg.	Candesartand
52	AstraZeneca, S.A. de C.V.	ATACAND	Caja con 28 tabletas de 16 mg.	Candesartand
53	AstraZeneca, S.A. de C.V.	ATACAND	Caja con 14 tabletas de 16	Candesartand
54	AstraZeneca, S.A. de C.V.	ATACAND	Caja con 14 tabletas de 32 mg.	Candesartand
55	AstraZeneca, S.A. de C.V.	ATACAND	Caja con 28 tabletas de 32 mg.	Candesartand
56	AstraZeneca, S.A. de C.V.	ATACAND PLUS	Caja con 28 tabletas de 16/12.5 mg.	Candesartand/Hidroclorotiazida
57	AstraZeneca, S.A. de C.V.	ATACAND PLUS	Caja con 14 tabletas de 16/12.5 mg.	Candesartand/Hidroclorotiazida
58	AstraZeneca, S.A. de C.V.	BRILINTA	Caja con 30 tabletas recubierta de 90 mg	Ticagrelor
59	AstraZeneca, S.A. de C.V.	BRILINTA	Caja con 60 tabletas recubiertas de 90 mg	Ticagrelor
60	AstraZeneca, S.A. de C.V.	BYDUREON	Caja con 4 estuches de dosis unica. 2 ml por dosis	Exenatida
61	AstraZeneca, S.A. de C.V.	CAPRELSA	Caja 30 tabletas con 300 mg	Vandetanib
62	AstraZeneca, S.A. de C.V.	CAPRELSA	Caja 30 tabletas con 100 mg	Vandetanib
63	AstraZeneca, S.A. de C.V.	CASODEX	Caja con 14 tabletas 150 mg.	Bicalutamida
64	AstraZeneca, S.A. de C.V.	CASODEX	Caja con 28 tabletas 150 mg.	Bicalutamida
65	AstraZeneca, S.A. de C.V.	CASODEX	Caja con 14 tabletas 50 mg.	Bicalutamida
66	AstraZeneca, S.A. de C.V.	CASODEX	Caja con 28 tabletas 50 mg.	Bicalutamida
67	AstraZeneca, S.A. de C.V.	CRESTOR	Caja con 30 tabletas  recubiertas 5 mg.	Rosuvastatina
68	AstraZeneca, S.A. de C.V.	CRESTOR	Caja con 30 tabletas  recubiertas 10 mg.	Rosuvastatina
69	AstraZeneca, S.A. de C.V.	CRESTOR	Caja con 10 tabletas  recubiertas 20 mg.	Rosuvastatina
70	AstraZeneca, S.A. de C.V.	CRESTOR	Caja con 20 tabletas  recubiertas 10 mg.	Rosuvastatina
71	AstraZeneca, S.A. de C.V.	CRESTOR 	Caja con 30 tabletas  recubiertas 20 mg.	Rosuvastatina
72	AstraZeneca, S.A. de C.V.	CRESTOR 	Caja con 20 tabletas  recubiertas 40 mg.	Rosuvastatina
73	AstraZeneca, S.A. de C.V.	DIPRIVAN	Caja con frasco ampula 1 gr. emulsi¢n inyectable 100 ml.	Propofol
74	AstraZeneca, S.A. de C.V.	DIPRIVAN	Caja con 5 ampolletas 20 ml. emulsi¢n inyectable 200 mg.	Propofol
75	AstraZeneca, S.A. de C.V.	DIPRIVAN	Caja con jeringa prellenada emulsi¢n inyectable 1% 50 ml/500 mg.	Propofol
76	AstraZeneca, S.A. de C.V.	DIPRIVAN	Caja con frasco ampula 500 mg. emulsi¢n inyectable 50 ml.	Propofol
77	AstraZeneca, S.A. de C.V.	EKLIRA GENUAIR	Caja con 1 inhalador con 60 dosis unitarias 322 mcg.	Bromuto de Aclidinio
78	AstraZeneca, S.A. de C.V.	FASLODEX 	Caja con jeringa prellenada sol inyectable  250mg/5ml	Fulvestrant
79	AstraZeneca, S.A. de C.V.	FASLODEX 	Caja 2 jeringas prellenadas con 250mg/5 ml	Fulvestrant
80	AstraZeneca, S.A. de C.V.	FORXIGA	Caja con 14 tabletas de 10mg.	Dapagliflozina
81	AstraZeneca, S.A. de C.V.	FORXIGA	Caja con 28 tabletas de 10mg.	Dapagliflozina
82	AstraZeneca, S.A. de C.V.	IRESSA	Caja con 30 tabletas de 250 mg.	Gefitinib
83	AstraZeneca, S.A. de C.V.	KOMBIGLYZE XR	Caja con 28 tabletas de 2.5 mg/1000mg.	Saxagliptina/Metformina
84	AstraZeneca, S.A. de C.V.	KOMBIGLYZE XR	Caja con 56 tabletas de 2.5 mg/1000mg.	Saxagliptina/Metformina
85	AstraZeneca, S.A. de C.V.	KOMBIGLYZE XR	Caja con 14 tabletas de 5 mg/1000mg.	Saxagliptina/Metformina
86	AstraZeneca, S.A. de C.V.	KOMBIGLYZE XR	Caja con 28 tabletas de 5 mg/1000mg.	Saxagliptina/Metformina
87	AstraZeneca, S.A. de C.V.	LINPARZA	Caja con cuatro frascos de 112 cápsulas de 50 mg	Olaparib
88	AstraZeneca, S.A. de C.V.	MERREM I.V.	Caja con frasco ampula 500 mg. Polvo (soluci¢n inyectable)	Meropenem
89	AstraZeneca, S.A. de C.V.	MERREM I.V.	Caja con frasco ampula 1 gr. Polvo (soluci¢n inyectable)	Meropenem
90	AstraZeneca, S.A. de C.V.	NEXIUM 	Caja con 28 sobres de 2.5 mg granulado	Esomeprazol
91	AstraZeneca, S.A. de C.V.	NEXIUM  	Caja con 28 sobres de 10 mg granulado	Esomeprazol
92	AstraZeneca, S.A. de C.V.	NEXIUM I.V.	Caja con frasco ampula 40 mg. 	Esomeprazol
93	AstraZeneca, S.A. de C.V.	NEXIUM-MUPS	Caja con 7 tabletas 40 mg.	Esomeprazol
94	AstraZeneca, S.A. de C.V.	NEXIUM-MUPS	Caja con 14 tabletas 40 mg.	Esomeprazol
95	AstraZeneca, S.A. de C.V.	NEXIUM-MUPS	Caja con 14 tabletas 20 mg.	Esomeprazol
96	AstraZeneca, S.A. de C.V.	ONGLYZA	Caja con 28 tabletas de 5 mg.	Saxagliptina
97	AstraZeneca, S.A. de C.V.	ONGLYZA	Caja con 14 tabletas de 5 mg.	Saxagliptina
98	AstraZeneca, S.A. de C.V.	ONGLYZA	Caja con 28 tabletas de 2.5 mg.	Saxagliptina
99	AstraZeneca, S.A. de C.V.	SEROQUEL	Caja con 28 tabletas 25 mg.	Quetiapina
100	AstraZeneca, S.A. de C.V.	SEROQUEL	Caja con 15 tabletas 100 mg.	Quetiapina
101	AstraZeneca, S.A. de C.V.	SEROQUEL	Caja con 60 tabletas 100 mg.	Quetiapina
102	AstraZeneca, S.A. de C.V.	SEROQUEL	Caja con 30 tabletas 100 mg.	Quetiapina
103	AstraZeneca, S.A. de C.V.	SEROQUEL	Caja con 15 tabletas 200 mg.	Quetiapina
104	AstraZeneca, S.A. de C.V.	SEROQUEL	Caja con 30 tabletas 200 mg.	Quetiapina
105	AstraZeneca, S.A. de C.V.	SEROQUEL 	Caja con 20 tabletas 300 mg.	Quetiapina
106	AstraZeneca, S.A. de C.V.	SEROQUEL XR	Caja con 30 tabletas  50 mg.	Quetiapina
107	AstraZeneca, S.A. de C.V.	SEROQUEL XR	Caja con 30 tabletas 300 mg.	Quetiapina
108	AstraZeneca, S.A. de C.V.	ZINFORO	Caja con 10 frascos con polvo 600 mg	Ceftarolina fosamilo
109	AstraZeneca, S.A. de C.V.	ZOMIG	Caja con 2 tabletas 2.5 mg.	Zolmitriptano
110	AstraZeneca, S.A. de C.V.	ZOMIG RAPIMELT	Caja con 2 tabletas 2.5 mg.	Zolmitriptano
111	Bayer de M‚xico, S.A. de C.V.	LEVITRA	Caja con 1 tableta 5 mg.	Vardenafil clor. Trih
112	Bayer de Mexico, S.A. de C.V.	AVELOX	Caja con 7 tabletas de 400 mg.	Moxifloxacino clorh
113	Bayer de Mexico, S.A. de C.V.	AVELOX	Frasco  mpula 250 ml. (160 mg./100 ml.) 400 mg.	Moxifloxacino clorh
114	Bayer de Mexico, S.A. de C.V.	AVELOX	Caja con 5 tabletas de 400 mg.	Moxifloxacino clorh
115	Bayer de Mexico, S.A. de C.V.	LEVITRA	Caja con 4 tabletas 10 mg.	Vardenafil clor. Trih
116	Bayer de Mexico, S.A. de C.V.	LEVITRA	Caja con 1 tableta 10 mg.	Vardenafil clor. Trih
117	Bayer de Mexico, S.A. de C.V.	LEVITRA	Caja con 4 tabletas 20 mg.	Vardenafil clor. Trih
118	Bayer de Mexico, S.A. de C.V.	LEVITRA	Caja con 1 tableta 20 mg.	Vardenafil clor. Trih
119	Bayer de Mexico, S.A. de C.V.	NEXAVAR	Caja con 112 comprimidos 200 mg.	Sorafenib Tosilato
120	Bayer de Mexico, S.A. de C.V.	SPECTRACEF	Caja con 10 comprimidos de 200 mg.	Cefditoren pivoxilo
121	Bayer de Mexico, S.A. de C.V.	SPECTRACEF	Caja con 10 comprimidos de 400 mg.	Cefditoren pivoxilo
122	Bayer de Mexico, S.A. de C.V.	XARELTO	Caja con 10 comprimidos de 10 mg.	Rivaroxab n
123	Bayer de Mexico, S.A. de C.V.	XARELTO	Caja con 30 comprimidos de 10 mg.	Rivaroxab n
124	Bayer de Mexico, S.A. de C.V.	XARELTO	Caja con 28 comprimidos de 15 mg.	Rivaroxab n
125	Bayer de Mexico, S.A. de C.V.	XARELTO	Caja con 28 comprimidos de 20 mg.	Rivaroxab n
126	Boehringer Ingelheim Promeco, S.A. de C.V.	APTIVUS	Caja con  frasco con 120 c psulas con 250 mcg.	Tripanavir
127	Boehringer Ingelheim Promeco, S.A. de C.V.	GIOTRIF	Caja con 30 tabletas de 20 mg.	Afatinib
128	Boehringer Ingelheim Promeco, S.A. de C.V.	GIOTRIF	Caja con 30 tabletas de 30 mg.	Afatinib
129	Boehringer Ingelheim Promeco, S.A. de C.V.	GIOTRIF	Caja con 30 tabletas de 40 mg.	Afatinib
130	Boehringer Ingelheim Promeco, S.A. de C.V.	GIOTRIF	Caja con 30 tabletas de 50 mg.	Afatinib
131	Boehringer Ingelheim Promeco, S.A. de C.V.	JARDIANZ	Caja con 10 comprimidos de 10 mg.	Empaglifloxina
132	Boehringer Ingelheim Promeco, S.A. de C.V.	JARDIANZ	Caja con 30 comprimidos de 10 mg.	Empaglifloxina
133	Boehringer Ingelheim Promeco, S.A. de C.V.	JARDIANZ	Caja con 10 comprimidos de 25 mg.	Empaglifloxina
134	Boehringer Ingelheim Promeco, S.A. de C.V.	JARDIANZ	Caja con 30 comprimidos de 25 mg.	Empaglifloxina
135	Boehringer Ingelheim Promeco, S.A. de C.V.	JARDIANZ DUO	Caja con 30 tabletas con 5/850 mg	Empagliflozina/Metformina
136	Boehringer Ingelheim Promeco, S.A. de C.V.	JARDIANZ DUO	Caja con 60 tabletas con 5/850 mg	Empagliflozina/Metformina
137	Boehringer Ingelheim Promeco, S.A. de C.V.	JARDIANZ DUO	Caja con 30 tabletas con 12.5/850 mg	Empagliflozina/Metformina
138	Boehringer Ingelheim Promeco, S.A. de C.V.	JARDIANZ DUO	Caja con 60 tabletas con 12.5/850 mg	Empagliflozina/Metformina
139	Boehringer Ingelheim Promeco, S.A. de C.V.	JARDIANZ DUO	Caja con 30 tabletas con 12.5/1000 mg	Empagliflozina/Metformina
140	Boehringer Ingelheim Promeco, S.A. de C.V.	JARDIANZ DUO	Caja con 60 tabletas con 12.5/1000 mg	Empagliflozina/Metformina
141	Boehringer Ingelheim Promeco, S.A. de C.V.	MICARDIS	Caja con 28 tabletas de 80 mg.	Telmisartan
142	Boehringer Ingelheim Promeco, S.A. de C.V.	MICARDIS	Caja con 28 tabletas de 40 mg.	Telmisartan
143	Boehringer Ingelheim Promeco, S.A. de C.V.	MICARDIS	Caja con 14 tabletas de 80 mg.	Telmisartan
144	Boehringer Ingelheim Promeco, S.A. de C.V.	MICARDIS	Caja con 14 tabletas de 40 mg.	Telmisartan
145	Boehringer Ingelheim Promeco, S.A. de C.V.	MICARDIS PLUS	Caja con 28 tabletas de 80 mg. + 12.5 mg.	Telmisartan
146	Boehringer Ingelheim Promeco, S.A. de C.V.	MICARDIS PLUS	Caja con 14 tabletas de 80 mg. + 12.5 mg.	Telmisartan
147	Boehringer Ingelheim Promeco, S.A. de C.V.	MICARDIS PLUS	Caja con 14 tabletas de 80 mg. + 25 mg.	Telmisartan
148	Boehringer Ingelheim Promeco, S.A. de C.V.	OFEV	Caja con 60 cápsulas con 100 mg	Nintedanib
149	Boehringer Ingelheim Promeco, S.A. de C.V.	OFEV	Caja con 60 cápsulas con 150 mg	Nintedanib
150	Boehringer Ingelheim Promeco, S.A. de C.V.	PRADAXAR	Caja con 30 c psulas con 110 mg.	Diavigatran Etexilato
151	Boehringer Ingelheim Promeco, S.A. de C.V.	PRADAXAR	Caja con 10 c psulas con 110 mg.	Diavigatran Etexilato
152	Boehringer Ingelheim Promeco, S.A. de C.V.	PRADAXAR	Caja con 30 c psulas con 75 mg.	Diavigatran Etexilato
153	Boehringer Ingelheim Promeco, S.A. de C.V.	PRADAXAR	Caja con 30 c psulas con 150 mg.	Diavigatran Etexilato
154	Boehringer Ingelheim Promeco, S.A. de C.V.	SPIOLTO	Caja con cartucho con 4 ml que contiene 30 dosis y dispositivo dosificador (Respimat)	Tiotropio / Olodaterol
155	Boehringer Ingelheim Promeco, S.A. de C.V.	SPIRIVA	Caja con 10 c psulas y dispos. Inhalador  con 18 mcg.	Tiotropio
156	Boehringer Ingelheim Promeco, S.A. de C.V.	SPIRIVA	Caja con 20 c psulas con 18 mcg.	Tiotropio
157	Boehringer Ingelheim Promeco, S.A. de C.V.	SPIRIVA	Caja con 30 c psulas y disp. HandiHaler  con 18 mcg.	Tiotropio
158	Boehringer Ingelheim Promeco, S.A. de C.V.	SPIRIVA	Caja con 30 c psulas con 18 mcg.	Tiotropio
159	Boehringer Ingelheim Promeco, S.A. de C.V.	STRIVERDI RESPIMAT	Caja con cartucho con 4 ml (0.227 mg/mL.)dispositivo que proporciona 30 dosis (5 mcg/dosis)	Olodaterol
160	Boehringer Ingelheim Promeco, S.A. de C.V.	TRAYENTA	Caja con 10 tabletasde 5mg	Linagliptina
161	Boehringer Ingelheim Promeco, S.A. de C.V.	TRAYENTA	Caja con 30 tabletas 5 mg	Linagliptina
162	Boehringer Ingelheim Promeco, S.A. de C.V.	TRAYENTA DUO	Caja con 30 tabletas 2.5/500 mg	Linagliptina/Metforfia
163	Boehringer Ingelheim Promeco, S.A. de C.V.	TRAYENTA DUO	Caja con 30 tabletas 2.5/850 mg	Linagliptina/Metforfia
164	Boehringer Ingelheim Promeco, S.A. de C.V.	TRAYENTA DUO	Caja con 30 tabletas 2.5/1000 mg	Linagliptina/Metforfia
165	Boehringer Ingelheim Promeco, S.A. de C.V.	TRAYENTA DUO	Caja con 60 tabletas 2.5/500 mg	Linagliptina/Metforfia
166	Boehringer Ingelheim Promeco, S.A. de C.V.	TRAYENTA DUO	Caja con 60 tabletas 2.5/850 mg	Linagliptina/Metforfia
167	Boehringer Ingelheim Promeco, S.A. de C.V.	TRAYENTA DUO	Caja con 60 tabletas 2.5/1000 mg	Linagliptina/Metforfia
168	Boehringer Ingelheim Promeco, S.A. de C.V.	VARGATEF	Caja con 120 cápsulas con 100 mg.	Nintedanib
169	Boehringer Ingelheim Promeco, S.A. de C.V.	VARGATEF	Caja con 60 cápsulas con 150 mg.	Nintedanib
170	Boehringer Ingelheim Promeco, S.A. de C.V.	VIRAMUNE	Frasco con 60 tabletas de 200 mg.	Nevirapina
171	Boehringer Ingelheim Promeco, S.A. de C.V.	VIRAMUNE	Caja con frasco de 240 mg. y jeringa dosificadora	Nevirapina Hemihidratada de
172	Bristol-Myers Squibb de M‚xico, S. de R.L. de C.V.	ABILIFY	Caja con 10 tabletas de 15 mg.	Aripiprazol
173	Bristol-Myers Squibb de M‚xico, S. de R.L. de C.V.	ABILIFY	Caja con 20 tabletas de 15 mg.	Aripiprazol
174	Bristol-Myers Squibb de M‚xico, S. de R.L. de C.V.	ABILIFY	Caja con 10 tabletas de 30 mg.	Aripiprazol
175	Bristol-Myers Squibb de M‚xico, S. de R.L. de C.V.	ABILIFY	Caja con 10 tabletas de 10 mg.	Aripiprazol
176	Bristol-Myers Squibb de M‚xico, S. de R.L. de C.V.	AVALIDE	Caja con 14 tabletas de 300/12.5 mg.	Irbesartan/Hidroclorotiazida
177	Bristol-Myers Squibb de M‚xico, S. de R.L. de C.V.	AVALIDE	Caja con 28 tabletas de 300/12.5 mg.	Irbesartan/Hidroclorotiazida
178	Bristol-Myers Squibb de M‚xico, S. de R.L. de C.V.	AVALIDE	Caja con 14 tabletas de 150/12.5 mg.	Irbesartan/Hidroclorotiazida
179	Bristol-Myers Squibb de M‚xico, S. de R.L. de C.V.	AVALIDE	Caja con 28 tabletas de 150/12.5 mg.	Irbesartan/Hidroclorotiazida
180	Bristol-Myers Squibb de M‚xico, S. de R.L. de C.V.	AVALIDE	Caja con 28 tabletas de 300/25 mg.	Irbesartan/Hidroclorotiazida
181	Bristol-Myers Squibb de M‚xico, S. de R.L. de C.V.	AVALIDE 	Caja con 14 tabletas de 300/25 mg.	Irbesartan/Hidroclorotiazida
182	Bristol-Myers Squibb de M‚xico, S. de R.L. de C.V.	AVAPRO	Caja con 14 tabletas de 300 mg.	Irbesartan
183	Bristol-Myers Squibb de M‚xico, S. de R.L. de C.V.	AVAPRO	Caja con 14 tabletas de 150 mg.	Irbesartan
184	Bristol-Myers Squibb de M‚xico, S. de R.L. de C.V.	AVAPRO	Caja con 28 tabletas de 300 mg.	Irbesartan
185	Bristol-Myers Squibb de M‚xico, S. de R.L. de C.V.	AVAPRO	Caja con 28 tabletas de 150 mg.	Irbesartan
186	Bristol-Myers Squibb de M‚xico, S. de R.L. de C.V.	ELICUIS	Caja con 20 tabletas de 2.5 mg.	Apixab n
187	Bristol-Myers Squibb de M‚xico, S. de R.L. de C.V.	ELICUIS	Caja con 60 tabletas de 2.5 mg.	Apixab n
188	Bristol-Myers Squibb de M‚xico, S. de R.L. de C.V.	ELICUIS	Caja con 20 tabletas de 5 mg.	Apixab n
189	Bristol-Myers Squibb de M‚xico, S. de R.L. de C.V.	ELICUIS	Caja con 60 tabletas de 5mg.	Apixab n
190	Bristol-Myers Squibb de M‚xico, S. de R.L. de C.V.	ISCOVER	Caja con 14 tabletas de 75 mg.	Clopidogrel Bisulfato de
191	Bristol-Myers Squibb de M‚xico, S. de R.L. de C.V.	ISCOVER	Caja con 28 tabletas de 75 mg.	Clopidogrel Bisulfato de
192	Bristol-Myers Squibb de M‚xico, S. de R.L. de C.V.	ISCOVER	Caja con 4 tabletas de 300 mg.	Clopidogrel Bisulfato de
193	Bristol-Myers Squibb de M‚xico, S. de R.L. de C.V.	IXEMPRYA	Frasco ámpula 45 mg con diluyente 23.5 ml.	Ixabepilona
194	Bristol-Myers Squibb de M‚xico, S. de R.L. de C.V.	IXEMPRYA	Frasco ámpula 15 mg con diluyente 8 ml.	Ixabepilona
195	Bristol-Myers Squibb de M‚xico, S. de R.L. de C.V.	REYATAZ	Frasco con 60 c psulas de 150 mg.	Atazanavir Sulfato de
196	Bristol-Myers Squibb de M‚xico, S. de R.L. de C.V.	REYATAZ	Frasco con 60 c psulas de 200 mg.	Atazanavir Sulfato de
197	Bristol-Myers Squibb de M‚xico, S. de R.L. de C.V.	REYATAZ	Frasco con 30 c psulas de 300 mg.	Atazanavir Sulfato de
198	Bristol-Myers Squibb de M‚xico, S. de R.L. de C.V.	SPRYCEL  	Caja con frasco con 60 tabletas de 70 mg.	Desatinib
199	Bristol-Myers Squibb de M‚xico, S. de R.L. de C.V.	SPRYCEL   	Caja con frasco con 60 tabletas de 50 mg.	Desatinib
200	Bristol-Myers Squibb de M‚xico, S. de R.L. de C.V.	YERVOY	Frasco  mpula de 10 ml (50mg/ 10ml)	Ipilimumab
201	Bristol-Myers Squibb de México, S. de R.L. de C.V.	DAKLINZA	Caja con 28 tabletas de 60 mg en envase de burbuja e instructivo.	Daclatasvir
202	Bristol-Myers Squibb de México, S. de R.L. de C.V.	OPDIVO	Solución inyectable frasco ámpula com 100 mg/10 ml	Nivolumab
203	Bristol-Myers Squibb de México, S. de R.L. de C.V.	OPDIVO	Solución inyectable frasco ámpula com 40 mg/4 ml	Nivolumab
204	Bristol-Myers Squibb de México, S. de R.L. de C.V.	SUNVEPRA	Caja con 56 cápsulas de galtina blanda con 100 mg	Asunaprevir
205	Eisai Laboratorios, S. de R.L. de C.V.	HALAVEN	Caja con frasco ampula con 1mg/2ml	Mesilato de Eribulina
206	Eisai Laboratorios, S. de R.L. de C.V.	LENVIMA	10 mg- Caja con 30 cápsulas en 6 carteras con 5 cápsulas de 10 mg.	Lenvatinib
207	Eisai Laboratorios, S. de R.L. de C.V.	LENVIMA	14 mg - Caja con 60 cápsulas en 6 carteras con 5 cápsulas de 4 mg y 5 cápsulas de 10 mg.	Lenvatinib
208	Eisai Laboratorios, S. de R.L. de C.V.	LENVIMA	20 mg - Caja con 60 cápsulas en 6 carteras con 10 cápsulas de 10 mg.	Lenvatinib
209	Eisai Laboratorios, S. de R.L. de C.V.	LENVIMA	24 mg. Caja con 90 cápsulas en 6 carteras con 5 cápsulas de 4 mg y 10 cápsulas de 10 mg.	Lenvatinib
210	Eli Lilly y Compa¤¡a de M‚xico, S.A. de C.V.	ADCIRCA	Caja con 56 tabletas de 20 mg	Tadalafil
211	Eli Lilly y Compa¤¡a de M‚xico, S.A. de C.V.	ALIMTA	Caja con frasco sol. Iny. 500 mg	Pemetrexed
212	Eli Lilly y Compa¤¡a de M‚xico, S.A. de C.V.	CIALIS	Caja con 8 tabletas de 20 mg	Tadalafil
213	Eli Lilly y Compa¤¡a de M‚xico, S.A. de C.V.	CIALIS	Caja con 4 tabletas de 20 mg	Tadalafil
214	Eli Lilly y Compa¤¡a de M‚xico, S.A. de C.V.	CIALIS	Caja con 1 tabeta de 20 mg.	Tadalafil
215	Eli Lilly y Compa¤¡a de M‚xico, S.A. de C.V.	CIALIS OAD	Caja con 28 tabletas de 5 mg	Tadalafil
216	Eli Lilly y Compa¤¡a de M‚xico, S.A. de C.V.	CIALIS OAD	Caja con 14 tabletas de 5 mg	Tadalafil
217	Eli Lilly y Compa¤¡a de M‚xico, S.A. de C.V.	COMPETACT	Caja con 14 tabletas de 15 mg / 850 mg	Pioglitazona/Metformina
218	Eli Lilly y Compa¤¡a de M‚xico, S.A. de C.V.	EFFIENT	Caja con 14 tabletas de 10 mg	Prasugrel
219	Eli Lilly y Compa¤¡a de M‚xico, S.A. de C.V.	EFFIENT	Caja con 14 tabletas de 5 mg	Prasugrel
220	Eli Lilly y Compa¤¡a de M‚xico, S.A. de C.V.	EVISTA	Caja con 28 tabletas de 60 mg	Raloxifeno Clorhi.
221	Eli Lilly y Compa¤¡a de M‚xico, S.A. de C.V.	GEMZAR	Caja con 1 vial de 1 g.	Gemcitabina
222	Eli Lilly y Compa¤¡a de M‚xico, S.A. de C.V.	GEMZAR	Caja con 1 vial de 200 mg.	Gemcitabina
223	Eli Lilly y Compa¤¡a de M‚xico, S.A. de C.V.	HUMALOG	Caja con 2 cartuchos de 3 ml	Insulina Lispro
224	Eli Lilly y Compa¤¡a de M‚xico, S.A. de C.V.	HUMALOG	Caja con frasco  mpula 100 U.I. de 10 ml	Insulina Lispro
225	Eli Lilly y Compa¤¡a de M‚xico, S.A. de C.V.	HUMALOG MIX 25	Caja con 2 cartuchos de 3.0  ml.	Insulina Lispro
226	Eli Lilly y Compa¤¡a de M‚xico, S.A. de C.V.	HUMALOG MIX 25	Frasco vial 10 ml 	Insulina Lispro
227	Eli Lilly y Compa¤¡a de M‚xico, S.A. de C.V.	SYMBYAX	Caja con 14 c psulas de 6 mg/25 mg	Olanzapina/Fluorexetina
228	Eli Lilly y Compa¤¡a de M‚xico, S.A. de C.V.	SYMBYAX	Caja con 14 c psulas de 12 mg/50 mg	Olanzapina/Fluorexetina
229	Eli Lilly y Compa¤¡a de M‚xico, S.A. de C.V.	SYMBYAX	Caja con 14 c psulas de 12 mg/25 mg	Olanzapina/Fluorexetina
230	Eli Lilly y Compa¤¡a de M‚xico, S.A. de C.V.	SYMBYAX	Caja con 14 c psulas de 6 mg/50 mg	Olanzapina/Fluorexetina
231	Eli Lilly y Compa¤¡a de M‚xico, S.A. de C.V.	ZACTOS	Caja con 7 tabletas de 30 mg	Pioglitazona
232	Eli Lilly y Compa¤¡a de M‚xico, S.A. de C.V.	ZACTOS	Caja con 7 tabletas de 45 mg	Pioglitazona
233	Eli Lilly y Compa¤¡a de M‚xico, S.A. de C.V.	ZACTOS	Caja con 7 tabletas 15 mg.	Pioglitazona
234	Eli Lilly y Compa¤¡a de M‚xico, S.A. de C.V.	ZYPREXA	Caja con 7 tabletas de 10 mg	Olanzapina
235	Eli Lilly y Compa¤¡a de M‚xico, S.A. de C.V.	ZYPREXA	Caja con 14 tabletas de 10 mg	Olanzapina
236	Eli Lilly y Compa¤¡a de M‚xico, S.A. de C.V.	ZYPREXA	Caja con 14 tabletas de 5 mg	Olanzapina
237	Eli Lilly y Compa¤¡a de M‚xico, S.A. de C.V.	ZYPREXA	Caja con fco amp sol iny vial de 10 mg	Olanzapina
238	Eli Lilly y Compa¤¡a de M‚xico, S.A. de C.V.	ZYPREXA ZYDIS	Caja con 14 tabletas de 5 mg	Olanzapina
239	Eli Lilly y Compa¤¡a de M‚xico, S.A. de C.V.	ZYPREXA ZYDIS	Caja con 14 tabletas de 10 mg	Olanzapina
240	Eli Lilly y Compañía de México, S.A. de C.V.	EVISTA	Caja con 14 tabletas de 60 mg	Clorohidrato de Raloxifeno
241	Eli Lilly y Compañía de México, S.A. de C.V.	TRULICITY	Caja de carton con 2 plumas 0.75 mg / 0.5 ml	Dulaglutida
242	Eli Lilly y Compañía de México, S.A. de C.V.	TRULICITY	Caja de carton con 2 plumas 1.5 mg / 0.5 ml	Dulaglutida
243	Emifarma, S.A. de C.V.	TRACLEER	Caja con 60 tabletas de 62.5 mg	Bosentan
244	Emifarma, S.A. de C.V.	TRACLEER	Caja con 60 tabletas de 125 mg	Bosentan
245	Espec¡ficos Stendhal, S.A. de C.V.	ATRIPLA	Caja con 30 tabletas de 300 mg/ 600mg/200 mg.	Tenoforir/Efavirenz/Emtricitabina
246	Espec¡ficos Stendhal, S.A. de C.V.	EMTRIVA	Caja de cart¢n con  30 c psulas e instructivo.	Emtricitabina
247	Espec¡ficos Stendhal, S.A. de C.V.	TRUVADA	Caja con 30 tabletas de 300 mg/ 200 mg.	Tenofovir-Disoproxil fumarato de/Emtricitabina
248	Espec¡ficos Stendhal, S.A. de C.V.	TYSABRI	Caja con 1 frasco  mpula con 15ml (20mg/ml)	Natalizumab
249	Espec¡ficos Stendhal, S.A. de C.V.	VIREAD	Caja con 30 tabletas de 245mg 	Tenofovir Disoproxil Fumarato
250	Específicos Stendhal, S.A. de C.V.	ARAHKOR	Caja con frasco de 20 tableras de 60 mg	Fimasartán
251	Específicos Stendhal, S.A. de C.V.	FAMPYRA	Caja de cartón con 56 tabletas con cuatro frascos con 14 tabletas cada uno	Aminopiridina
252	GlaxoSmithKline Mexico, S.A. de C.V.	3TC	Caja de cart¢n con  60 c psulas de 150Mg e instructivo.	Lamivudina
253	GlaxoSmithKline Mexico, S.A. de C.V.	3TC	Caja con frasco c/240 ml. (1 gr./100 ml.) soluci¢n	Lamivudina
254	GlaxoSmithKline Mexico, S.A. de C.V.	ALTARGO	Tubo con 5 grs, ung�ento al 1%	Retapamulina
255	GlaxoSmithKline Mexico, S.A. de C.V.	ALTARGO	Tubo con 15 grs, ung�ento al 1%	Retapamulina
256	GlaxoSmithKline Mexico, S.A. de C.V.	ANORO	Caja con un dispositivoinhalador con dos blisters con 30 dosis 74.2/40 mcg.	Bromuro de umeclidium / Trifenatato de vilanterol
257	GlaxoSmithKline Mexico, S.A. de C.V.	AVAMYS	Frasco con 120 d¢sis aquaspray de 27.5 mcg	Fluroato de Fluticasona
258	GlaxoSmithKline Mexico, S.A. de C.V.	AVANDAMET	Caja con 14 tabletas de 4 mg./500 mg.	Rosiglitazona/Metformina clorhidrato de
259	GlaxoSmithKline Mexico, S.A. de C.V.	AVANDAMET	Caja con 14 tabletas de 2 mg./500 mg.	Rosiglitazona/Metformina clorhidrato de
260	GlaxoSmithKline Mexico, S.A. de C.V.	AVANDAMET	Caja con 14 tabletas de 4 mg./1000 mg.	Rosiglitazona/Metformina clorhidrato de
261	GlaxoSmithKline Mexico, S.A. de C.V.	AVANDAMET	Caja con 14 tabletas de 2 mg./1000 mg.	Rosiglitazona/Metformina clorhidrato de
262	GlaxoSmithKline Mexico, S.A. de C.V.	AVANDARYL	Caja con 14 tabletas de 4 mg/2 mg.	Rosiglitazona
263	GlaxoSmithKline Mexico, S.A. de C.V.	AVANDARYL	Caja con 14 tabletas de 4 mg/4 mg.	Rosiglitazona
264	GlaxoSmithKline Mexico, S.A. de C.V.	AVANDARYL	Caja con 7 tabletas de 4 mg/2 mg.	Rosiglitazona
265	GlaxoSmithKline Mexico, S.A. de C.V.	AVANDARYL	Caja con 7 tabletas de 4 mg/4 mg.	Rosiglitazona
266	GlaxoSmithKline Mexico, S.A. de C.V.	AVANDIA	Caja con 14 grageas 8 mg.	Rosiglitazona
267	GlaxoSmithKline Mexico, S.A. de C.V.	AVANDIA	Caja con 14 grageas 4 mg.	Rosiglitazona
268	GlaxoSmithKline Mexico, S.A. de C.V.	AVANDIA	Caja con 7 grageas de 8 mg.	Rosiglitazona
269	GlaxoSmithKline Mexico, S.A. de C.V.	AVANDIA	Caja con 7 grageas de 4 mg.	Rosiglitazona
270	GlaxoSmithKline Mexico, S.A. de C.V.	AVODART	Caja con  30 grageas de 0.5 mg.	Dutasterida
271	GlaxoSmithKline Mexico, S.A. de C.V.	AVODART	Caja con  90 grageas de 0.5 mg.	Dutasterida
272	GlaxoSmithKline Mexico, S.A. de C.V.	BENLYSTIA IV	Caja con frasco ámpula con polvo liofilizado 120 mg*1	Belimumab
273	GlaxoSmithKline Mexico, S.A. de C.V.	BENLYSTIA IV	Caja con frasco ámpula con polvo liofilizado 400 mg x 1	Belimumab
274	GlaxoSmithKline Mexico, S.A. de C.V.	COMBIVIR	Caja con 60 tabletas de 150 mg./300 mg.	Lamivudina/Zidovudina
275	GlaxoSmithKline Mexico, S.A. de C.V.	COMBODART	Caja con frasco con 30 tabletas de 0.5mg./0.4mg.	Dutasterida/Tamsolusina
276	GlaxoSmithKline Mexico, S.A. de C.V.	FRAXIPARINE	Caja con 2 jeringas prellenadas de 0.4 ml	Nadroparina c lcica
277	GlaxoSmithKline Mexico, S.A. de C.V.	FRAXIPARINE	Caja con 2 jeringas prellenadas de 0.3 ml	Nadroparina c lcica
278	GlaxoSmithKline Mexico, S.A. de C.V.	FRAXIPARINE	Caja con 2 jeringas prellenadas de 0.6 ml	Nadroparina c lcica
279	GlaxoSmithKline Mexico, S.A. de C.V.	KIVEXA	Caja con  30 tabletas de 600 mg./300 mg.	Abacavir/Lamivudina
280	GlaxoSmithKline Mexico, S.A. de C.V.	NIMBEX	Caja con 1 ampolleta de 5.0 ml. con 10 mg.	Cisatracurio Besilato de
281	GlaxoSmithKline Mexico, S.A. de C.V.	NIMBEX	Caja con 1 ampolleta de 2.5 ml. con 5 mg.	Cisatracurio Besilato de
282	GlaxoSmithKline Mexico, S.A. de C.V.	NIMBEX	Caja con 1 ampolleta de 10.0 ml con 20 mg.	Cisatracurio Besilato de
283	GlaxoSmithKline Mexico, S.A. de C.V.	RAPIVIR	Caja con  10 tabletas de 500 mg.	Valaciclovir
284	GlaxoSmithKline Mexico, S.A. de C.V.	RAPIVIR	Caja con  42 tabletas de 500 mg.	Valaciclovir
285	GlaxoSmithKline Mexico, S.A. de C.V.	RELENZA	Caja con 5 discos de 4 d¢sis C/U Polvo y Disp Inhal.	Zanamivir
286	GlaxoSmithKline Mexico, S.A. de C.V.	RELVARE	Caja con dispositivo inhalador con 30 d¢sis con 100mcg/25 mcg	Vilanterol
287	GlaxoSmithKline Mexico, S.A. de C.V.	RELVARE	Caja con dispositivo inhalador con 30 dosis con 200/25 mcg	Vilanterol/Fluroato de Fluticasona
288	GlaxoSmithKline Mexico, S.A. de C.V.	REVOLADE	Caja con 28 tabletas de 25 mg	Eltrombopag
289	GlaxoSmithKline Mexico, S.A. de C.V.	REVOLADE	Caja con 28 tabletas de 50 mg	Eltrombopag
290	GlaxoSmithKline Mexico, S.A. de C.V.	SELZENTRY	Caja con 60 tabletas de 150 mg	Maraviroc
291	GlaxoSmithKline Mexico, S.A. de C.V.	SELZENTRY	Caja con 60 tabletas de 300 mg	Maraviroc
292	GlaxoSmithKline Mexico, S.A. de C.V.	SERETIDE DISKUS	Caja con dispositivo Inh. 60 Ds. 50 mcg/500mcg.	Salmeterol/Fluticasona propionato de
293	GlaxoSmithKline Mexico, S.A. de C.V.	SERETIDE DISKUS	Caja con dispositivo Inh. 60 Ds. 50 mcg/100mcg.	Salmeterol/Fluticasona propionato de
294	GlaxoSmithKline Mexico, S.A. de C.V.	SERETIDE DISKUS	Caja con dispositivo Inh. 60 Ds. 50 mcg/250mcg.	Salmeterol/Fluticasona propionato de
295	GlaxoSmithKline Mexico, S.A. de C.V.	SERETIDE EVOHALER CD	Caja con/disc. Inh. 120 Ds. 25 mcg/125mcg.  CD	Salmeterol/Fluticasona propionato de
296	GlaxoSmithKline Mexico, S.A. de C.V.	SERETIDE EVOHALER CD	Caja con/disc. Inh. 120 Ds. 25 mcg/250mcg.  CD	Salmeterol/Fluticasona propionato de
297	GlaxoSmithKline Mexico, S.A. de C.V.	SERETIDE EVOHALER CD	Caja con/disc. Inh. 120 Ds. 25 mcg/50mcg.    CD	Salmeterol/Fluticasona propionato de
298	GlaxoSmithKline Mexico, S.A. de C.V.	SEREVENT	Caja con frasco y disp. Inh. 120 D¢sis. 25 mcg, suspensi¢n aerosol	Salmeterol/Fluticasona propionato de
299	GlaxoSmithKline Mexico, S.A. de C.V.	TELZER	Caja con 60 tabletas de 700 mg.	Fosamprenavir
300	GlaxoSmithKline Mexico, S.A. de C.V.	TIVICAY	Caja con frasco con 30 tabletas 50 mg	Doluteglavir
301	GlaxoSmithKline Mexico, S.A. de C.V.	TRIZIVIR	Caja con frasco con 60 tabletas	Abacavir/Lamividina/Zidovudina
302	GlaxoSmithKline Mexico, S.A. de C.V.	TYKERB	Caja con 70 tabletas de 250 mg	Lapatinib
303	GlaxoSmithKline Mexico, S.A. de C.V.	VOLEBRIS	Caja con 30 tabletas 5 mg	Ambrisentan
304	GlaxoSmithKline Mexico, S.A. de C.V.	VOLEBRIS	Caja con 30 tabletas 10 mg	Ambrisentan
305	GlaxoSmithKline Mexico, S.A. de C.V.	VOTRIENT	Caja con 30 tabletas de 200 mg	Pazopanib
306	GlaxoSmithKline Mexico, S.A. de C.V.	VOTRIENT	Caja con 60 tabletas de 400 mg	Pazopanib
307	Grimann, S.A DE C.V.	XILIARX	Caja con 28 comprimidos con 50 mg	Vildagliptina
308	Grimann, S.A DE C.V.	XILIARX	Caja con 56 comprimidos con 50 mg	Vildagliptina
309	Grimann, S.A DE C.V.	XILIARX DUO	Caja con comprimidos de 50 / 500 mg c/30	Vildagliptina / Metformina
310	Grimann, S.A DE C.V.	XILIARX DUO	Caja con comprimidos de 50 / 500 mg c/60	Vildagliptina / Metformina
311	Grimann, S.A DE C.V.	XILIARX DUO	Caja con comprimidos de 50 / 850 mg c/60	Vildagliptina / Metformina
312	Grimann, S.A DE C.V.	XILIARX DUO	Caja con comprimidos de 50 / 1000 mg c/30	Vildagliptina / Metformina
313	Grimann, S.A. de C.V.	FLIXOVENT	Caja con disco inhalador con 120 d¢sis de 25 mcg/50 mcg. 	Salmeterol, Xinafoato de 
314	Grimann, S.A. de C.V.	FLIXOVENT	Caja con disco inhalador con 120 d¢sis de 25 mcg/125mcg. 	Salmeterol, Xinafoato de 
315	Grimann, S.A. de C.V.	FLIXOVENT	Caja con disco inhalador con 120 d¢sis de 25 mcg/250mcg. 	Salmeterol, Xinafoato de 
316	Grimann, S.A. de C.V.	FLIXOVENT	Caja con disco inhalador con 60 d¢sis de 50 mcg/100mcg. 	Salmeterol, Xinafoato de 
317	Grimann, S.A. de C.V.	FLIXOVENT	Caja con disco inhalador con 60 d¢sis de 50 mcg/250mcg. 	Salmeterol, Xinafoato de 
318	Grimann, S.A. de C.V.	FLIXOVENT	Caja con disco inhalador con 60 d¢sis de 50 mcg/500mcg. 	Salmeterol, Xinafoato de 
319	Gru�nenthal de Mexico, S.A. de C.V.	PALEXIA	Caja con 30 tabletas de 50 mg.	Tapentadol
320	Gru�nenthal de Mexico, S.A. de C.V.	PALEXIA	Caja con 30 tabletas de 100 mg.	Tapentadol
321	Gru�nenthal de Mexico, S.A. de C.V.	PALEXIA RETARD	Caja con 30 tabletas de 50 mg.	Tapentadol
322	Gru�nenthal de Mexico, S.A. de C.V.	PALEXIA RETARD	Caja con 30 tabletas de 100 mg.	Tapentadol
323	Janssen-Cilag, S.A. de C.V.	DARZALEX	Caja con frasco ampula con 100 mg	Daratumumab
324	Janssen-Cilag, S.A. de C.V.	DARZALEX	Caja con frasco ampula con 400 mg	Daratumumab
325	Janssen-Cilag, S.A. de C.V.	DURAPTA	Caja con frasco  mpula con 500 mg. 	Doripenem
326	Janssen-Cilag, S.A. de C.V.	IMBRUVICA	Caja con frasco de 90 tabletas de 140 ml	Ibrutinib
327	Janssen-Cilag, S.A. de C.V.	IMBRUVICA	Caja con frasco de 120 tabletas de 140 ml	Ibrutinib
328	Janssen-Cilag, S.A. de C.V.	INTELENCE	Frasco con 120 tabletas de 100Mg	Etravirina
329	Janssen-Cilag, S.A. de C.V.	INVOKANA	Caja con  30 tabletas de 100mg	Canagliflozina
330	Janssen-Cilag, S.A. de C.V.	INVOKANA	Caja con  30 tabletas de 300mg	Canagliflozina
331	Janssen-Cilag, S.A. de C.V.	INVOKANA DUO	Caja con 60 tabletas con 150/1000 mg	Canagliflozina / Metformina
332	Janssen-Cilag, S.A. de C.V.	INVOKANA DUO	Caja con 60 tabletas con 150/850 mg	Canagliflozina / Metformina
333	Janssen-Cilag, S.A. de C.V.	OLYSIO	Caja con 7 c psulas con 150 mg.	Simeprevir
334	Janssen-Cilag, S.A. de C.V.	RESOTRANS	Caja con 14 tabletas de 1mg	Prucaloprida
335	Janssen-Cilag, S.A. de C.V.	RESOTRANS	Caja con 14 tabletas de 2mg	Prucaloprida
336	Janssen-Cilag, S.A. de C.V.	SIMPONI	Caja con pluma precargada con 0.5ml/50mg	Golimumab
337	Janssen-Cilag, S.A. de C.V.	Simponi	Caja con una pluma mono-dosis precargada con 0.5 ml.	Golimumab
338	Janssen-Cilag, S.A. de C.V.	STELARA	Caja con frasco  mpula con 45 mg	Ustekinumab
339	Janssen-Cilag, S.A. de C.V.	STELARA	Caja con una jeringa prellenada con 45 mg/0.5 ml	Ustekinumab
340	Janssen-Cilag, S.A. de C.V.	VELCADE	Caja con frasco  mpula 3.5 mg.	Bortezomib
341	Laboratorios Liomont, S.A. de C.V.	VESICARE	Caja con 10 tabletas de 10 mg.	Solifenacina
342	Laboratorios Liomont, S.A. de C.V.	VESICARE 	Caja con 20 tabletas de 5 mg.	Solifenacina
343	Laboratorios Liomont, S.A. de C.V.	VESICARE 	Caja con 10 tabletas de 5 mg.	Solifenacina
344	Lemery, S.A. de C.V.	AZILECT	Caja con 30 tabletas de 1 mg.	Mesilato de Rasagilina
345	Lemery, S.A. de C.V.	AZILECT 	Caja con 10 tabletas de 1 mg.	Mesilato de Rasagilina
346	Lundbeck M‚xico, S.A. de C.V.	BRINTELLIX	Caja con 14 tabletas de 10 mg.	Vortioxetina
347	Lundbeck M‚xico, S.A. de C.V.	BRINTELLIX	Caja con 28 tabletas de 10 mg.	Vortioxetina
348	Lundbeck M‚xico, S.A. de C.V.	LEXAPRO	Caja con 28 tabletas de 10 mg.	Escitalopram
349	Lundbeck M‚xico, S.A. de C.V.	LEXAPRO	Caja con 14 tabletas de 10 mg.	Escitalopram
350	Lundbeck M‚xico, S.A. de C.V.	LEXAPRO	Caja con 14 tabletas de 20 mg.	Escitalopram
351	Merck Sharp & Dohme de Mexico, S.A. de C.V.	AGRASTAT	Soluci¢n inyectable 12.5 mg./50 ml.	Tirofiban
352	Merck Sharp & Dohme de Mexico, S.A. de C.V.	AGRASTAT	Bolsa de pl stico con soluci¢n inyectable 12.5 mg./250 ml.	Tirofiban
353	Merck Sharp & Dohme de Mexico, S.A. de C.V.	ARCOXIA	Caja con 7 tabletas de 120 mg.	Etoricoxib
354	Merck Sharp & Dohme de Mexico, S.A. de C.V.	ARCOXIA	Caja con 28 comprimidos de 90 mg	Etoricoxib
355	Merck Sharp & Dohme de Mexico, S.A. de C.V.	ARCOXIA	Caja con 28 comprimidos de 60 mg	Etoricoxib
356	Merck Sharp & Dohme de Mexico, S.A. de C.V.	ARCOXIA	Caja con 14 tabletas de 90 mg.	Etoricoxib
357	Merck Sharp & Dohme de Mexico, S.A. de C.V.	ARCOXIA	Caja con 14 tabletas de 60 mg.	Etoricoxib
358	Merck Sharp & Dohme de Mexico, S.A. de C.V.	ARCOXIA	Caja con 14 tabletas de 30 mg.	Etoricoxib
359	Merck Sharp & Dohme de Mexico, S.A. de C.V.	ARCOXIA	Caja con 7 tabletas de 60 mg.	Etoricoxib
360	Merck Sharp & Dohme de Mexico, S.A. de C.V.	ARCOXIA	Caja con 7 tabletas de 90 mg.	Etoricoxib
361	Merck Sharp & Dohme de Mexico, S.A. de C.V.	CANCIDAS	Caja con frasco  ámpula con polvo con 50 mg. Sol. Iny.	Caspofungina
362	Merck Sharp & Dohme de Mexico, S.A. de C.V.	CANCIDAS	Caja con frasco  ámpula con polvo con 70 mg. Sol. Iny.	Caspofungina
363	Merck Sharp & Dohme de Mexico, S.A. de C.V.	COSOPT	Caja con frasco gotero con 5 ml. Soluci¢n	Dorzolamida/Timolol
364	Merck Sharp & Dohme de Mexico, S.A. de C.V.	CRIXIVAN	Caja con frasco con 180 c psulas de 400 mg.	Indinavir
365	Merck Sharp & Dohme de Mexico, S.A. de C.V.	EMEND	Caja con 1 c psula de 125 mg. Y 2 c psulas de 80 mg.	Aprepitant
366	Merck Sharp & Dohme de Mexico, S.A. de C.V.	EZETROL	Caja con 10 tabletas de 10 mg.	Ezetimiba
367	Merck Sharp & Dohme de Mexico, S.A. de C.V.	EZETROL	Caja con 20 tabletas de 10 mg.	Ezetimiba
368	Merck Sharp & Dohme de Mexico, S.A. de C.V.	FOSAMAX	Caja con 30 tabletas de 10 mg. En envase de burbuja	Alendrontato s¢dico
369	Merck Sharp & Dohme de Mexico, S.A. de C.V.	FOSAMAX	Caja con 4 tabletas de 70 mg. En envase de burbuja e instructivo	Alendrontato s¢dico
370	Merck Sharp & Dohme de Mexico, S.A. de C.V.	FOSAMAX PLUS	Caja con 4 tabletas de 70 mg. 	Alendrontato s¢dico/Granulos de Vitamina D3
371	Merck Sharp & Dohme de Mexico, S.A. de C.V.	FOSAMAX PLUS	Caja con 4 tabletas de 70 mg/5600 UI. 	Alendrontato s¢dico/Granulos de Vitamina D3
372	Merck Sharp & Dohme de Mexico, S.A. de C.V.	HYZAAR	Caja con 30 grageas de 100/25 mg.	Losartan/Hidroclorotiazida
373	Merck Sharp & Dohme de Mexico, S.A. de C.V.	HYZAAR	Caja con 15 grageas de 100/12.5 mg.	Losartan/Hidroclorotiazida
374	Merck Sharp & Dohme de Mexico, S.A. de C.V.	HYZAAR	Caja con 30 grageas de 100/12.5 mg.	Losartan/Hidroclorotiazida
375	Merck Sharp & Dohme de Mexico, S.A. de C.V.	HYZAAR	Caja con 15 grageas de 100/25 mg.	Losartan/Hidroclorotiazida
376	Merck Sharp & Dohme de Mexico, S.A. de C.V.	HYZAAR	Caja con 15 grageas de 50/12.5 mg.	Losartan/Hidroclorotiazida
377	Merck Sharp & Dohme de Mexico, S.A. de C.V.	HYZAAR	Caja con 30 grageas de 50/12.5 mg.	Losartan/Hidroclorotiazida
378	Merck Sharp & Dohme de Mexico, S.A. de C.V.	INVANZ 	Caja con frasco  mpula con polvo con 1 gr. Soluci¢n inyectable	Ertapenem
379	Merck Sharp & Dohme de Mexico, S.A. de C.V.	INVANZ IM	Caja con frasco  mpula con polvo liofilizado de 1 gr. Y ampolleta con diluyente de lidocaina al 1% e instructivo	Ertapenem
380	Merck Sharp & Dohme de Mexico, S.A. de C.V.	ISENTRESS	Caja con 60 tabletas de 400 mg. Mex. Pink	Raltegravir
381	Merck Sharp & Dohme de Mexico, S.A. de C.V.	JANUMET	Caja con 28 tabletas de 50/500 mg	Sitagliptina/Metformina
382	Merck Sharp & Dohme de Mexico, S.A. de C.V.	JANUMET	Caja con 28 tabletas de 50/850 mg	Sitagliptina/Metformina
383	Merck Sharp & Dohme de Mexico, S.A. de C.V.	JANUMET	Caja con 56 tabletas de 50/500 mg	Sitagliptina/Metformina
384	Merck Sharp & Dohme de Mexico, S.A. de C.V.	JANUMET	Caja con 56 tabletas de 50/850 mg	Sitagliptina/Metformina
385	Merck Sharp & Dohme de Mexico, S.A. de C.V.	JANUMET	Caja con 56 tabletas de 50/1000 mg	Sitagliptina/Metformina
386	Merck Sharp & Dohme de Mexico, S.A. de C.V.	JANUVIA	Caja con 28 tabletas de 100 mg	Sitagliptina
387	Merck Sharp & Dohme de Mexico, S.A. de C.V.	JANUVIA	Caja con 14 tabletas de 100 mg	Sitagliptina
388	Merck Sharp & Dohme de Mexico, S.A. de C.V.	JANUVIA	Caja con 28 tabletas de 50 mg	Sitagliptina
389	Merck Sharp & Dohme de Mexico, S.A. de C.V.	JANUVIA	Caja con 28 tabletas de 25 mg	Sitagliptina
390	Merck Sharp & Dohme de Mexico, S.A. de C.V.	MAXALT 	Caja con 2 tabletas de 10 mg.	Rizaptriptan
391	Merck Sharp & Dohme de Mexico, S.A. de C.V.	MAXALT 	Caja con 2 tabletas de 5 mg.	Rizaptriptan
392	Merck Sharp & Dohme de Mexico, S.A. de C.V.	MAXALT RAPIDISC	Caja con 2 obleas de 10 mg.	Rizaptriptan
393	Merck Sharp & Dohme de Mexico, S.A. de C.V.	SINGULAIR	Caja con 30 tabletas masticables de 4 mg.	Montelukast
394	Merck Sharp & Dohme de Mexico, S.A. de C.V.	SINGULAIR	Caja con 10 tabletas masticables de 4 mg.	Montelukast
395	Merck Sharp & Dohme de Mexico, S.A. de C.V.	SINGULAIR	Caja con 10 sobres de 4 mg. granulado	Montelukast
396	Merck Sharp & Dohme de Mexico, S.A. de C.V.	SINGULAIR	Caja con 20 tabletas masticables de 5 mg.	Montelukast
397	Merck Sharp & Dohme de Mexico, S.A. de C.V.	SINGULAIR	Caja con 20 tabletas masticables de 10 mg.	Montelukast
398	Merck Sharp & Dohme de Mexico, S.A. de C.V.	SINGULAIR	Caja con 10 tabletas masticables de 10 mg.	Montelukast
399	Merck Sharp & Dohme de Mexico, S.A. de C.V.	SINGULAIR	Caja con 10 tabletas masticables de 5 mg.	Montelukast
400	Merck Sharp & Dohme de Mexico, S.A. de C.V.	STROCRIN	Caja con 30 tabletas de 600 mg.	Efavirenz
401	Merck Sharp & Dohme de Mexico, S.A. de C.V.	STROCRIN	Caja con 90 c psulas de 200 mg.	Efavirenz
402	Merck Sharp & Dohme de Mexico, S.A. de C.V.	VYTORIN	Caja con 28 comprimidos de 10/20 mg	Ezetimiba/Simvastatina
403	Merck Sharp & Dohme de Mexico, S.A. de C.V.	VYTORIN	Caja con 14 comprimidos de 10/80 mg	Ezetimiba/Simvastatina
404	Merck Sharp & Dohme de Mexico, S.A. de C.V.	VYTORIN	Caja con 14 comprimidos de 10/20 mg	Ezetimiba/Simvastatina
405	Merck Sharp & Dohme de Mexico, S.A. de C.V.	VYTORIN	Caja con 14 comprimidos de 10/40 mg	Ezetimiba/Simvastatina
406	Merck Sharp & Dohme de Mexico, S.A. de C.V.	VYTORIN	Caja con 28 comprimidos de 10/10 mg	Ezetimiba/Simvastatina
407	Merck Sharp & Dohme de Mexico, S.A. de C.V.	VYTORIN	Caja con 14 comprimidos de 10/10 mg	Ezetimiba/Simvastatina
408	Novartis Farmaceutica, S.A. de C.V.	CO-DIOVAN	Caja con frasco con 14 grageas de 320 mg./12.5 mg.	Valsartan/Hidroclorotiazida
409	Novartis Farmaceutica, S.A. de C.V.	CO-DIOVAN	Caja con frasco con 14 grageas de 320 mg./25 mg.	Valsartan/Hidroclorotiazida
410	Novartis Farmaceutica, S.A. de C.V.	CO-DIOVAN	Caja con frasco con 30 grageas de 320 mg./25 mg.	Valsartan/Hidroclorotiazida
411	Novartis Farmaceutica, S.A. de C.V.	CO-DIOVAN	Caja con frasco con 30 grageas de 320 mg./12.5 mg.	Valsartan/Hidroclorotiazida
412	Novartis Farmaceutica, S.A. de C.V.	CO-DIOVAN	Caja con frasco con 30 grageas de 80 mg./12.5 mg.	Valsartan/Hidroclorotiazida
413	Novartis Farmaceutica, S.A. de C.V.	CO-DIOVAN	Caja con frasco con 14 grageas de 80 mg./12.5 mg.	Valsartan/Hidroclorotiazida
414	Novartis Farmaceutica, S.A. de C.V.	CO-DIOVAN	Caja con frasco con 14 grageas de 160 mg./25 mg.	Valsartan/Hidroclorotiazida
415	Novartis Farmaceutica, S.A. de C.V.	CO-DIOVAN	Caja con frasco con 30 grageas de 160 mg./25 mg.	Valsartan/Hidroclorotiazida
416	Novartis Farmaceutica, S.A. de C.V.	CO-DIOVAN	Caja con frasco con 14 grageas de 160 mg./12.5 mg.	Valsartan/Hidroclorotiazida
417	Novartis Farmaceutica, S.A. de C.V.	CO-DIOVAN	Caja con frasco con 30 grageas de 160 mg./12.5 mg.	Valsartan/Hidroclorotiazida
418	Novartis Farmaceutica, S.A. de C.V.	DIOVAN	Caja con 28 grageas de 40 mg.	Valsartan
419	Novartis Farmaceutica, S.A. de C.V.	DIOVAN	Caja con  14 grageas de 320 mg.	Valsartan
420	Novartis Farmaceutica, S.A. de C.V.	DIOVAN	Caja con 30 grageas de 80 mg.	Valsartan
421	Novartis Farmaceutica, S.A. de C.V.	DIOVAN	Caja con 14 grageas de 80 mg.	Valsartan
422	Novartis Farmaceutica, S.A. de C.V.	DIOVAN	Caja con 30 grageas de 160 mg.	Valsartan
423	Novartis Farmaceutica, S.A. de C.V.	DIOVAN	Caja con 14 grageas de 160 mg.	Valsartan
424	Novartis Farmaceutica, S.A. de C.V.	EXFORGE (N)	Caja con 14 comprimidos de 160mg/5mg.	Valsartan/Amlodipine
425	Novartis Farmaceutica, S.A. de C.V.	EXFORGE (N)	Caja con 28 comprimidos de 160mg/5mg.	Valsartan/Amlodipine
426	Novartis Farmaceutica, S.A. de C.V.	EXFORGE (N)	Caja con 14 comprimidos de 160mg/10mg.	Valsartan/Amlodipine
427	Novartis Farmaceutica, S.A. de C.V.	EXFORGE (N)	Caja con 28 comprimidos de 160mg/10mg.	Valsartan/Amlodipine
428	Novartis Farmaceutica, S.A. de C.V.	EXFORGE (N)	Caja con 14 comprimidos de 320mg/5mg.	Valsartan/Amlodipine
429	Novartis Farmaceutica, S.A. de C.V.	EXFORGE (N)	Caja con 28 comprimidos de 320mg/5mg.	Valsartan/Amlodipine
430	Novartis Farmaceutica, S.A. de C.V.	EXFORGE (N)	Caja con 14 comprimidos de 320mg/10mg.	Valsartan/Amlodipine
431	Novartis Farmaceutica, S.A. de C.V.	EXFORGE (N)	Caja con 28 comprimidos de 230mg/10mg.	Valsartan/Amlodipine
432	Novartis Farmaceutica, S.A. de C.V.	EXFORGE HCT	Caja con 14 comprimidos de 160mg/5mg/12.5mg	Valsartan/Amlodipine/Hidroclorotiazida
433	Novartis Farmaceutica, S.A. de C.V.	EXFORGE HCT	Caja con 28 comprimidos de 160mg/5mg/12.5mg	Valsartan/Amlodipine/Hidroclorotiazida
434	Novartis Farmaceutica, S.A. de C.V.	EXFORGE HCT	Caja con 14 comprimidos de 160mg/5mg/25mg	Valsartan/Amlodipine/Hidroclorotiazida
435	Novartis Farmaceutica, S.A. de C.V.	EXFORGE HCT	Caja con 28 comprimidos de 160mg/5mg/25mg	Valsartan/Amlodipine/Hidroclorotiazida
436	Novartis Farmaceutica, S.A. de C.V.	EXFORGE HCT	Caja con 28 comprimidos de 160mg/10mg/12.5mg	Valsartan/Amlodipine/Hidroclorotiazida
437	Novartis Farmaceutica, S.A. de C.V.	EXFORGE HCT	Caja con 28 comprimidos de 320mg/10mg/12.5mg	Valsartan/Amlodipine/Hidroclorotiazida
438	Novartis Farmaceutica, S.A. de C.V.	EXJADE 	Caja con 28 Tabletas de 125 mg.	Deferasirox
439	Novartis Farmaceutica, S.A. de C.V.	EXJADE 	Caja con 28 Tabletas de 250 mg.	Deferasirox
440	Novartis Farmaceutica, S.A. de C.V.	EXJADE 	Caja con 28 Tabletas de 500 mg.	Deferasirox
441	Novartis Farmaceutica, S.A. de C.V.	GALVUS	Caja con 28 tabletas con 50 mg.	Vidagliptina
442	Novartis Farmaceutica, S.A. de C.V.	GALVUS	Caja con 14 tabletas con 100 mg.	Vidagliptina
443	Novartis Farmaceutica, S.A. de C.V.	GALVUS	Caja con 28 tabletas con 100 mg.	Vidagliptina
444	Novartis Farmaceutica, S.A. de C.V.	GALVUS 	Caja con 56 tabletas con 50 mg.	Vidagliptina
445	Novartis Farmaceutica, S.A. de C.V.	GALVUS MET	Caja con 60 tabletas con 50mg/500mg.	Vidagliptina/Metformina clorhidrato de
446	Novartis Farmaceutica, S.A. de C.V.	GALVUS MET	Caja con 60 tabletas con 50mg/850mg.	Vidagliptina/Metformina clorhidrato de
447	Novartis Farmaceutica, S.A. de C.V.	GALVUS MET	Caja con 60 tabletas con 50mg/1000mg.	Vidagliptina/Metformina clorhidrato de
448	Novartis Farmaceutica, S.A. de C.V.	GALVUS MET	Caja con 30 tabletas con 50mg/500mg.	Vidagliptina/Metformina clorhidrato de
449	Novartis Farmaceutica, S.A. de C.V.	GALVUS MET	Caja con 30 tabletas con 50mg/850mg.	Vidagliptina/Metformina clorhidrato de
450	Novartis Farmaceutica, S.A. de C.V.	GALVUS MET	Caja con 30 tabletas con 50mg/1000mg.	Vidagliptina/Metformina clorhidrato de
451	Novartis Farmaceutica, S.A. de C.V.	GLIVEC	Caja con 10 tabletas de 400 mg	Imatinib mesilato de
452	Novartis Farmaceutica, S.A. de C.V.	GLIVEC	Caja con 30 tabletas de 400 mg	Imatinib mesilato de
453	Novartis Farmaceutica, S.A. de C.V.	GLIVEC	Caja con 60 tabletas de 100 mg	Imatinib mesilato de
454	Novartis Farmaceutica, S.A. de C.V.	GLIVEC	Caja con 60 c psulas de 100 mg.	Imatinib mesilato de
455	Novartis Farmaceutica, S.A. de C.V.	JAKAVI	Caja con 60 tabletas de 5mg	Ruxolitinib
456	Novartis Farmaceutica, S.A. de C.V.	JAKAVI	Frasco con 60 tabletas de 5mg	Ruxolitinib
457	Novartis Farmaceutica, S.A. de C.V.	JAKAVI	Caja con 60 tabletas de 15mg	Ruxolitinib
458	Novartis Farmaceutica, S.A. de C.V.	JAKAVI	Frasco con 60 tabletas de 15mg	Ruxolitinib
459	Novartis Farmaceutica, S.A. de C.V.	JAKAVI	Caja con 60 tabletas de 20mg	Ruxolitinib
460	Novartis Farmaceutica, S.A. de C.V.	JAKAVI	Frasco con 60 tabletas de 20mg	Ruxolitinib
461	Novartis Farmaceutica, S.A. de C.V.	LUCENTIS 	Frasco  mpula de 10mg (0.5mg/0.5ml)	Ranibizumab
462	Novartis Farmaceutica, S.A. de C.V.	ONBRIZE	Caja con 30 c psulas de 150 mg  (para inhalaci¢n)	Indacaterol
463	Novartis Farmaceutica, S.A. de C.V.	ONBRIZE	Caja con 30 c psulas de 300 mg (para inhalaci¢n)	Indacaterol
464	Novartis Farmaceutica, S.A. de C.V.	PREXIGE	Caja con 30 comprimidos de 100 mg.	Lumiracoxib
465	Novartis Farmaceutica, S.A. de C.V.	PREXIGE 	Caja con 10 comprimidos de 400 mg.	Lumiracoxib
466	Novartis Farmaceutica, S.A. de C.V.	PREXIGE 	Caja con 10 comprimidos de 100 mg.	Lumiracoxib
467	Novartis Farmaceutica, S.A. de C.V.	RASILLES	Caja con 14 tabletas de 150 mg	Aliskireno
468	Novartis Farmaceutica, S.A. de C.V.	RASILLES	Caja con 28 tabletas de 150 mg	Aliskireno
469	Novartis Farmaceutica, S.A. de C.V.	RASILLES	Caja con 56 tabletas de 150 mg	Aliskireno
470	Novartis Farmaceutica, S.A. de C.V.	RASILLES	Caja con 14 tabletas de 300 mg	Aliskireno
471	Novartis Farmaceutica, S.A. de C.V.	RASILLES	Caja con 28 tabletas de 300 mg	Aliskireno
472	Novartis Farmaceutica, S.A. de C.V.	RASILLES	Caja con 56 tabletas de 300 mg	Aliskireno
473	Novartis Farmaceutica, S.A. de C.V.	RASILLES HCT	Caja con 14 tabletas de 300mg/12.5mg	Aliskireno / Tekturna
474	Novartis Farmaceutica, S.A. de C.V.	RASILLES HCT	Caja con 28 tabletas de 300 mg/12.5mg	Aliskireno / Tekturna
475	Novartis Farmaceutica, S.A. de C.V.	RASILLES HCT	Caja con 14 tabletas de 150mg/12.5mg	Aliskireno / Tekturna
476	Novartis Farmaceutica, S.A. de C.V.	RASILLES HCT	Caja con 28 tabletas de 150mg/12.5mg	Aliskireno / Tekturna
477	Novartis Farmaceutica, S.A. de C.V.	RASIMLOD	Caja con 14 tabletas de 300 mg/ 5mg	Aliskireno / Amlodipino
478	Novartis Farmaceutica, S.A. de C.V.	RASIMLOD	Caja con 28 tabletas de 300 mg/5mg	Aliskireno / Amlodipino
479	Novartis Farmaceutica, S.A. de C.V.	RASIMLOD	Caja con 28 tabletas de 300 mg/10mg	Aliskireno / Amlodipino
480	Novartis Farmaceutica, S.A. de C.V.	SEEBRI	Caja con 30 cápsulas de 50 mcg en envase de burbuja.	Bromuro de Glicopirronio
481	Novartis Farmaceutica, S.A. de C.V.	SIGNIFOR	Cja con 60 ampolletas de 0.9 mg	Pasireotida
482	Novartis Farmaceutica, S.A. de C.V.	SIGNIFOR	Cja con 30 ampolletas de 0.9 mg	Pasireotida
483	Novartis Farmaceutica, S.A. de C.V.	SIGNIFOR	Cja con 60 ampolletas de 0.6 mg	Pasireotida
484	Novartis Farmaceutica, S.A. de C.V.	SIGNIFOR	Cja con 30 ampolletas de 0.6 mg	Pasireotida
485	Novartis Farmaceutica, S.A. de C.V.	SIGNIFOR	Cja con 60 ampolletas de 0.3 mg	Pasireotida
486	Novartis Farmaceutica, S.A. de C.V.	SIGNIFOR	Cja con 30 ampolletas de 0.3 mg	Pasireotida
487	Novartis Farmaceutica, S.A. de C.V.	TASIGNA	Caja con 28 tabletas de 150 mg	Nilotinib
488	Novartis Farmaceutica, S.A. de C.V.	TASIGNA	Caja con 112 tabletas de 150 mg	Nilotinib
489	Novartis Farmaceutica, S.A. de C.V.	TASIGNA	Caja con 120 tabletas de 150 mg	Nilotinib
490	Novartis Farmaceutica, S.A. de C.V.	TASIGNA	Caja con 112 c psulas de 200 mg.	Nilotinib
491	Novartis Farmaceutica, S.A. de C.V.	TASIGNA	Caja con 28 c psulas de 200 mg.	Nilotinib
492	Novartis Farmaceutica, S.A. de C.V.	ULTIBRO	Caja con 30 cápsulas con polvo pata inhalación (no ingeribles), un dispositivo para inhalación.	Maleato de Indacaterol
493	Novartis Farmaceutica, S.A. de C.V.	ZELMAC	Caja con 30 comprimidos de 6 mg.	Tegaserod maleato hidrogenado
494	Novartis Farmaceutica, S.A. de C.V.	ZELMAC 	Caja con 60 comprimidos de 6 mg.	Tegaserod maleato hidrogenado
495	Novartis Farmaceutica, S.A. de C.V.	ZYKADIA	Caja con 150 cápsulas en envase de burbuja con 150 mg.	Certinib
496	Novo Nordisk M‚xico, S.A. de C.V.	RYZODEG	Caja con 5 plumas inyectoras prellenadas de 3ml (7 0U-30U/ ml)	Insulina Degludec/Insulina Aspartica
497	Novo Nordisk M‚xico, S.A. de C.V.	RYZODEG	Caja con 1 pluma inyectora prellenada de 3ml (70U-30U/ ml) y 7 agujas Novo Twist	Insulina Degludec/Insulina Aspartica
498	Novo Nordisk M‚xico, S.A. de C.V.	TRESIBA	Caja con 1 pluma inyectora prellenada de 3ml (100 U / ml)	Insulina Degludec (ADN recombinante)
499	Novo Nordisk M‚xico, S.A. de C.V.	TRESIBA	Caja con 5 plumas inyectoras prellenadas de 3ml (100 U / ml)	Insulina Degludec (ADN recombinante)
500	Novo Nordisk M‚xico, S.A. de C.V.	VICTOZA	Caja con 2 plumas prellenadas de 3ml (6mg / ml)	Liraglutide
501	Novo Nordisk México, S.A de C.V	SAXENDA	Caja con 3 plumas precargadas con 3 ml con 18 mg de Liraglutida (6mg/ml)	Liraglutida
502	Novo Nordisk México, S.A de C.V	TRESIBA	Caja con 1 pluma inyectora prellenada que contiene un cartucho con 3 ml (200 U/ml)	Insulina Degludec
503	Novo Nordisk México, S.A de C.V	VICTOZA	Caja con 1 pluma prellenada 3 ml. Cada pluma libera 30 dosis con 0.6 mg/ml 	Liraglutida
504	Pfizer, S.A. de C.V.	BLAXITEC	Caja con 10 capsulas de 20 mg	Bilastina
505	Pfizer, S.A. de C.V.	BLAXITEC	Caja con 20 capsulas de 20 mg	Bilastina
506	Pfizer, S.A. de C.V.	BOSULIF	Caja en envase de burbuja con 28 tabletas 100 mg	Bosutinib
507	Pfizer, S.A. de C.V.	BOSULIF	Caja en envase de burbuja con 28 tabletas 500 mg	Bosutinib
508	Pfizer, S.A. de C.V.	CADUET	Caja con 10 Tabletas de 5 mg/40 mg.	Amlodipina / Atorvastatina
509	Pfizer, S.A. de C.V.	CADUET	Caja con 10 Tabletas de 5 mg/20 mg.	Amlodipina / Atorvastatina
510	Pfizer, S.A. de C.V.	CADUET	Caja con 30 Tabletas de 5 mg/10 mg.	Amlodipina / Atorvastatina
511	Pfizer, S.A. de C.V.	CADUET	Caja con 30 Tabletas de 5 mg/40 mg.	Amlodipina / Atorvastatina
512	Pfizer, S.A. de C.V.	CADUET	Caja con 30 Tabletas de 5 mg/20 mg.	Amlodipina / Atorvastatina
513	Pfizer, S.A. de C.V.	CADUET	Caja con 10 Tabletas de 5 mg/10 mg.	Amlodipina / Atorvastatina
514	Pfizer, S.A. de C.V.	CADUET 	Caja con 10 tabletas de 5 mg/80 mg.	Amlodipina / Atorvastatina
515	Pfizer, S.A. de C.V.	CADUET 	Caja con 30 tabletas de 5 mg/80 mg.	Amlodipina / Atorvastatina
516	Pfizer, S.A. de C.V.	CELEBREX	20 c psulas de 200 mg	Celecoxib
517	Pfizer, S.A. de C.V.	CELEBREX	30 c psulas de 200 mg	Celecoxib
518	Pfizer, S.A. de C.V.	CELEBREX	10 c psulas de 200 mg	Celecoxib
519	Pfizer, S.A. de C.V.	CELEBREX	Caja c/20 c psulas de 100 mg	Celecoxib 
520	Pfizer, S.A. de C.V.	CHAMPIX	Caja con 56 tabletas de 1 mg	Tartrato de Vareniclina
521	Pfizer, S.A. de C.V.	CHAMPIX	Caja c/11 tabletas de 0.5mg + 14 tabs de 1 mg	Tartrato de Vareniclina
522	Pfizer, S.A. de C.V.	CHAMPIX 	Caja c/11 tabletas de 0.5mg y 42 tabs de 1 mg	Tartrato de Vareniclina
523	Pfizer, S.A. de C.V.	CHAMPIX 	Caja con 28 tabletas de 1 mg	Tartrato de Vareniclina
524	Pfizer, S.A. de C.V.	CONBRIZA	Caja c/28 tabletas de 20mg	Bazedoxifeno
525	Pfizer, S.A. de C.V.	DYNASTAT	Caja con 2 viales de 40 mg. c/u	Parecoxib
526	Pfizer, S.A. de C.V.	EQUALTHA	Frasco  mpula de 100mg y ampolleta de 30ml	Anidulafungina
527	Pfizer, S.A. de C.V.	FACTIVE-5 	5 Tabletas de 320 mg.	Gemifloxacino
528	Pfizer, S.A. de C.V.	FACTIVE-5  	3 Tabletas de 320 mg.	Gemifloxacino
529	Pfizer, S.A. de C.V.	GEODON	2 ampulas 20 mg. I.M.	Ziprazidona, Mesilato trihidratado de
530	Pfizer, S.A. de C.V.	GEODON	28 c psulas de 40 mg	Ziprazidona, Clorhidrato monohidratado de
531	Pfizer, S.A. de C.V.	GEODON	28 c psulas de 60 mg	Ziprazidona, Clorhidrato monohidratado de
532	Pfizer, S.A. de C.V.	GEODON	28 c psulas de 80 mg	Ziprazidona, Clorhidrato monohidratado de
533	Pfizer, S.A. de C.V.	GEODON	14 c psulas de 40 mg	Ziprazidona, Clorhidrato monohidratado de
534	Pfizer, S.A. de C.V.	GEODON	14 c psulas de 60 mg	Ziprazidona, Clorhidrato monohidratado de
535	Pfizer, S.A. de C.V.	GEODON	14 c psulas de 80 mg	Ziprazidona, Clorhidrato monohidratado de
536	Pfizer, S.A. de C.V.	GEODON	56 c psulas de 40 mg	Ziprazidona, Clorhidrato monohidratado de
537	Pfizer, S.A. de C.V.	GEODON	56 c psulas de 60 mg	Ziprazidona, Clorhidrato monohidratado de
538	Pfizer, S.A. de C.V.	GEODON	56 c psulas de 80 mg	Ziprazidona, Clorhidrato monohidratado de
539	Pfizer, S.A. de C.V.	INLYTA	Frasco con 60 tabletas de 5 mg	Axitinib
540	Pfizer, S.A. de C.V.	INLYTA	Frasco con 180 tabletas de 1 mg	Axitinib
541	Pfizer, S.A. de C.V.	LIPITOR	10 tabletas de 20 mg	Atorvastatina Calcica trihidratada
542	Pfizer, S.A. de C.V.	LIPITOR	20 tabletas de 10 mg	Atorvastatina Calcica trihidratada
543	Pfizer, S.A. de C.V.	LIPITOR	30 tabletas de 10 mg	Atorvastatina Calcica trihidratada
544	Pfizer, S.A. de C.V.	LIPITOR	21 tabletas de 40 mg	Atorvastatina Calcica trihidratada
545	Pfizer, S.A. de C.V.	LIPITOR	7 tabletas de 40 mg	Atorvastatina Calcica trihidratada
546	Pfizer, S.A. de C.V.	LIPITOR	30 tabletas de 80 mg	Atorvastatina Calcica trihidratada
547	Pfizer, S.A. de C.V.	LIPITOR	30 tabletas de 20 mg	Atorvastatina Calcica trihidratada
548	Pfizer, S.A. de C.V.	LIPITOR	15 tabletas de 20 mg	Atorvastatina Calcica trihidratada
549	Pfizer, S.A. de C.V.	LIPITOR	15 tabletas de 40 mg	Atorvastatina Calcica trihidratada
550	Pfizer, S.A. de C.V.	LIPITOR	30 tabletas de 40 mg	Atorvastatina Calcica trihidratada
551	Pfizer, S.A. de C.V.	LIPITOR	15 tabletas de 80 mg	Atorvastatina Calcica trihidratada
552	Pfizer, S.A. de C.V.	LYRICA	14 c psulas de 300 mg	Pregabalina
553	Pfizer, S.A. de C.V.	LYRICA	28 c psulas de 300 mg	Pregabalina
554	Pfizer, S.A. de C.V.	LYRICA	14 c psulas de 150 mg	Pregabalina
555	Pfizer, S.A. de C.V.	LYRICA	28 c psulas de 75 mg	Pregabalina
556	Pfizer, S.A. de C.V.	LYRICA	28 c psulas de 150 mg	Pregabalina
557	Pfizer, S.A. de C.V.	LYRICA	14 c psulas de 75 mg	Pregabalina
558	Pfizer, S.A. de C.V.	NEUMEGA	1 vial 5 mg.	Oprelvekina
559	Pfizer, S.A. de C.V.	PATREX	Caja con 1 tableta de 50 mg	Sildenafil
560	Pfizer, S.A. de C.V.	PATREX	Caja con 4 tabletas de 100 mg	Sildenafil
561	Pfizer, S.A. de C.V.	PATREX	Caja con 1 tableta de 100 mg	Sildenafil
562	Pfizer, S.A. de C.V.	PATREX	Caja con 4 tabletas de 50 mg	Sildenafil
563	Pfizer, S.A. de C.V.	PRISTIQ	Caja con 14 tabletas de 100 mg	Desvenlafaxina
564	Pfizer, S.A. de C.V.	PRISTIQ	Caja con 14 tabletas de 50 mg	Desvenlafaxina
565	Pfizer, S.A. de C.V.	PRISTIQ	Caja con 28 tabletas de 100 mg	Desvenlafaxina
566	Pfizer, S.A. de C.V.	PRISTIQ	Caja con 28 tabletas de 50 mg	Desvenlafaxina
567	Pfizer, S.A. de C.V.	PRISTIQ	Caja con 7 tabletas de 50 mg	Desvenlafaxina
568	Pfizer, S.A. de C.V.	RELPAX	Caja con 2 tabletas de 80 mg	Eletriptan
569	Pfizer, S.A. de C.V.	RELPAX	Caja con 2 tabletas de 40 mg	Eletriptan
570	Pfizer, S.A. de C.V.	REVATHIO	Caja con 90 tabletas de 20 mg.	Sildenafil
571	Pfizer, S.A. de C.V.	SUTENT-28	Caja con 28 capsulas de 12.5 mg	Sunitinib
572	Pfizer, S.A. de C.V.	SUTENT-28	Caja con 28 capsulas de 25 mg	Sunitinib
573	Pfizer, S.A. de C.V.	SUTENT-28	Caja con 28 capsulas de 50 mg	Sunitinib
574	Pfizer, S.A. de C.V.	TORISEL	Caja con 1 frasco ampula de 25mg	Temsirolimus
575	Pfizer, S.A. de C.V.	TYGACIL	1 frasco  mpula de 50 mg. Sol. Iny.	Tigeciclina
576	Pfizer, S.A. de C.V.	VFEND	Caja con 14 tabletas de 200 mg	Voriconazole
577	Pfizer, S.A. de C.V.	VFEND	Caja con 14 tabletas de 50 mg	Voriconazole
578	Pfizer, S.A. de C.V.	VFEND	1 x 200 mg. Inyectable	Voriconazole
579	Pfizer, S.A. de C.V.	VIAGRA	Caja con 1 tableta de 50 mg	Sildenafil
580	Pfizer, S.A. de C.V.	VIAGRA	Caja con 4 tabletas de 50 mg	Sildenafil
581	Pfizer, S.A. de C.V.	VIAGRA	Caja con 4 tabletas de 100 mg	Sildenafil
582	Pfizer, S.A. de C.V.	VIAGRA	Caja con 1 tableta de 100 mg	Sildenafil
583	Pfizer, S.A. de C.V.	XALKORI	Frasco con  60 c psulas de 200 mg	Crizonitib
584	Pfizer, S.A. de C.V.	XALKORI	Frasco con 60 c psulas de 250 mg	Crizonitib
585	Pfizer, S.A. de C.V.	XELJANZ	Caja con 28 tabletas de 5 mg	Tofacitinib
586	Pfizer, S.A. de C.V.	XELJANZ	Caja con 56 tabletas de 5 mg	Tofacitinib
587	Pfizer, S.A. de C.V.	ZYVOXAM	Blsa de infusi¢n, sol iny 300ml 2mg/ml	Linezolib
588	Pfizer, S.A. de C.V.	ZYVOXAM	Caja con 10 tabletas de 600 mg	Linezolib
589	Productos Farmaceuticos, S.A. de C.V.	CIMZIA	Caja con 2 jeringas prellenadas con aguja con 200 mg/ml, con 2 almohadillas impregnadas con alcohol.	Certolizumab Pegol
590	Productos Farmaceuticos, S.A. de C.V.	OSLIF	Caja con 30 c psulas de 150 mcg  (para inhalaci¢n)	Indacaterol
591	Productos Farmaceuticos, S.A. de C.V.	OSLIF	Caja con 30 c psulas de 300 mcg (para inhalaci¢n)	Indacaterol
592	Productos Roche, S.A. de C.V.	AVASTIN	Caja con un fco. Amp.100mg/4ml sol.iny	Bevacizumab
593	Productos Roche, S.A. de C.V.	AVASTIN	Caja con un fco. Amp.400mg/16ml sol.iny	Bevacizumab
594	Productos Roche, S.A. de C.V.	BONDRONAT	Caja con un fco. Amp.6mg/6ml IV (infusi¢n) sol.iny	Ibandonato de sodio monohidratado
595	Productos Roche, S.A. de C.V.	BONDRONAT	Caja con 28 comprimidos de 50 mg.	Ibandonato de sodio monohidratado
596	Productos Roche, S.A. de C.V.	BONVIVA	Caja con 1 jeringa precargada de 3mg/3ml	Ibandronato de sodio monohidratado
597	Productos Roche, S.A. de C.V.	BONVIVA	Caja con 1 comprimido de 150 mg	Ibandronato de sodio monohidratado
598	Productos Roche, S.A. de C.V.	CELLCEPT	Caja con 50 c psulas de 500 mg.	Micofenolato mofietilo
599	Productos Roche, S.A. de C.V.	CELLCEPT	Caja con 100 c psulas de 250 mg.	Micofenolato mofietilo
600	Productos Roche, S.A. de C.V.	ERIVEDGE	Caja con 28 tabletas de 150 mg	Vismodegib
601	Productos Roche, S.A. de C.V.	FORTOVASE	Caja con 180 c psulas de 200 mg.	Saquinavir
602	Productos Roche, S.A. de C.V.	GAZYVA	Caja con un fco.  mpula con 1000mg/40ml vial	Obinutuzumab
603	Productos Roche, S.A. de C.V.	INVIRASE	Caja con  frasco con 120 comprimidos de 500 mg.	Saquinavir mesilato de
604	Productos Roche, S.A. de C.V.	KADCYLA	Caja con un fco.  mpula con 100 mg	Trastuzumab Emtansina
605	Productos Roche, S.A. de C.V.	KADCYLA	Caja con un fco.  mpula con 160 mg	Trastuzumab Emtansina
606	Productos Roche, S.A. de C.V.	MIRCERA	Caja con 1 jeringa prellenada de 50 mg / 0.3 ml.	Metoxi-polietilenglicol eritoproyetina beta
607	Productos Roche, S.A. de C.V.	MIRCERA	Caja con 1 jeringa prellenada de 75 mg / 0.3 ml.	Metoxi-polietilenglicol eritoproyetina beta
608	Productos Roche, S.A. de C.V.	MIRCERA	Caja con 1 jeringa prellenada de 100 mg / 0.3 ml.	Metoxi-polietilenglicol eritoproyetina beta
609	Productos Roche, S.A. de C.V.	MIRCERA	Caja con 1 jeringa prellenada de 150 mg / 0.3 ml.	Metoxi-polietilenglicol eritoproyetina beta
610	Productos Roche, S.A. de C.V.	MIRCERA	Caja con 1 jeringa prellenada de 200 mg / 0.3 ml.	Metoxi-polietilenglicol eritoproyetina beta
611	Productos Roche, S.A. de C.V.	MIRCERA	Caja con 1 jeringa prellenada de 250 mg / 0.3 ml.	Metoxi-polietilenglicol eritoproyetina beta
612	Productos Roche, S.A. de C.V.	PEGASYS	Caja con 1 jeringa precargada de 0.5 ml. c/180 mcg.	Peginterferon Alfa 2a
613	Productos Roche, S.A. de C.V.	PEGASYS	Caja con 1 pluma precargada de 0.5 ml. c/180 mcg.	Peginterferon Alfa 2a
614	Productos Roche, S.A. de C.V.	PEGASYS	Caja con fco. Amp de 1ml de 180mcg	Peginterferon Alfa 2a
615	Productos Roche, S.A. de C.V.	PERJETA	Caja con frasco ampula 30mg/14ml.	Pertuzumab
616	Productos Roche, S.A. de C.V.	PERJETA	Caja con frasco ampula 30mg/14ml y frasco ampula CON 440 mg	Pertuzumab + Trastuzumab
617	Productos Roche, S.A. de C.V.	TAMIFLU	Caja con 10 c psulas de 75 mg.	Oseltamivir
618	Productos Roche, S.A. de C.V.	TAMIFLU	Caja con 10 c psulas de 30 mg.	Oseltamivir
619	Productos Roche, S.A. de C.V.	TARCEVA	Caja con 30 comprimidos de 100 mg.	Erlotinib clorhidrato de
620	Productos Roche, S.A. de C.V.	TARCEVA	Caja con 30 comprimidos de 150 mg.	Erlotinib clorhidrato de
621	Productos Roche, S.A. de C.V.	TARCEVA	Caja con 30 comprimidos de 25 mg.	Erlotinib clorhidrato de
622	Productos Roche, S.A. de C.V.	VALCYTE	Caja con 60 tabletas 450 mg.	Clorhidrato de valganciclovir
623	Productos Roche, S.A. de C.V.	VIRACEPT	Caja con 270 comprimidos de 250 mg	Mesilato de Nelfinavir
624	Productos Roche, S.A. de C.V.	VIRACEPT	Caja con fco. con polvo de 144 g.	Mesilato de Nelfinavir
625	Productos Roche, S.A. de C.V.	XELODA	Caja con 120 grageas de 500 mg	Capecitabina
626	Productos Roche, S.A. de C.V.	ZELBORAF	Caja con 56 tabletas 240 mg.	Vemurafenib (1)
627	Productos Roche, S.A. de C.V.	ZELBORAF	Caja con 56 tabletasde 240 mg  .	vemurafenib
628	Sanofi-Aventis de Mexico, S.A.  de C.V.	ACOMPLIA	Caja con 28 tabletas de 20 mg.	Rimonabant
629	Sanofi-Aventis de Mexico, S.A.  de C.V.	ACOMPLIA 	Caja con 14 tabletas de 20 mg	Rimonabant
630	Sanofi-Aventis de Mexico, S.A.  de C.V.	APROVEL	Caja con 14 tabletas 300 mg.	Irbesartan
631	Sanofi-Aventis de Mexico, S.A.  de C.V.	APROVEL	Caja con 28 tabletas 300 mg.	Irbesartan
632	Sanofi-Aventis de Mexico, S.A.  de C.V.	APROVEL	Caja con 28 tabletas 150 mg.	Irbesartan
633	Sanofi-Aventis de Mexico, S.A.  de C.V.	APROVEL	Caja con 14 tabletas 150 mg.	Irbesartan
634	Sanofi-Aventis de Mexico, S.A.  de C.V.	CLEXANE	Caja con 2 Jeringas de 20 mg.	Enoxaparina
635	Sanofi-Aventis de Mexico, S.A.  de C.V.	CLEXANE	Caja con 2 Jeringas de 40 mg.	Enoxaparina
636	Sanofi-Aventis de Mexico, S.A.  de C.V.	CLEXANE	Caja con 2 Jeringas de 60 mg.	Enoxaparina
637	Sanofi-Aventis de Mexico, S.A.  de C.V.	CLEXANE	Caja con 2 Jeringas de 80 mg.	Enoxaparina
638	Sanofi-Aventis de Mexico, S.A.  de C.V.	CO-APROVEL	Caja con 14 tabletas 300 mg/ 12.5mg	Irbesartan/Hidroclorotiazida
639	Sanofi-Aventis de Mexico, S.A.  de C.V.	CO-APROVEL	Caja con 14 tabletas 150 mg/12.5mg	Irbesartan/Hidroclorotiazida
640	Sanofi-Aventis de Mexico, S.A.  de C.V.	CO-APROVEL	Caja con 28 tabletas 150 mg/12.5mg	Irbesartan/Hidroclorotiazida
641	Sanofi-Aventis de Mexico, S.A.  de C.V.	CO-APROVEL	Caja con 28 tabletas 300 mg / 12.5mg	Irbesartan/Hidroclorotiazida
642	Sanofi-Aventis de Mexico, S.A.  de C.V.	CO-APROVEL	Caja con 28 tabletas 300 mg / 25mg	Irbesartan/Hidroclorotiazida
643	Sanofi-Aventis de Mexico, S.A.  de C.V.	CO-APROVEL	Caja con 14 tabletas 300 mg /  25mg	Irbesartan/Hidroclorotiazida
644	Sanofi-Aventis de Mexico, S.A.  de C.V.	CO-PLAVIX	Caja con 14 tabletas 75mg/100mg	Clopidogrel/µcido acetilsalicilico
645	Sanofi-Aventis de Mexico, S.A.  de C.V.	CO-PLAVIX	Caja con 28 tabletas 75mg/100mg	Clopidogrel/µcido acetilsalicilico
646	Sanofi-Aventis de Mexico, S.A.  de C.V.	JEVTANA	Frasco  mpula 60mg/1.5ml y fco con diluyente	Cabazitaxel
647	Sanofi-Aventis de Mexico, S.A.  de C.V.	KETEK	10 tabletas 400 mg.	Telitromicina
648	Sanofi-Aventis de Mexico, S.A.  de C.V.	LYXUMIA	Caja con 1 cartucho con 3ml en dispositivo desechable con 14 dosis de 20mcg/0.2ml	Lixisenatida
649	Sanofi-Aventis de Mexico, S.A.  de C.V.	LYXUMIA	Caja con 1 cartucho con 3ml en dispositivo desechable con 14 dosis de 10mcg/0.2ml y 1 cartucho con 3ml en dispositivo desechable con 14 dosis de 20mcg/0.2ml	Lixisenatida
650	Sanofi-Aventis de Mexico, S.A.  de C.V.	PLAVIX	Caja con 14 grageas 75 mg.	Clopidogrel 
651	Sanofi-Aventis de Mexico, S.A.  de C.V.	PLAVIX	Caja con 28 grageas 75 mg.	Clopidogrel 
652	Sanofi-Aventis de Mexico, S.A.  de C.V.	PLAVIX	Caja con 4 grageas 300 mg.	Clopidogrel 
653	Sanofi-Aventis de Mexico, S.A.  de C.V.	REGIVAS	Caja con 20 tabletas 400 mg.	Dronedarona
654	Sanofi-Aventis de Mexico, S.A.  de C.V.	TAXOTERE	Caja con 1 fco ampula de de 20 mg.	Docetaxel
655	Sanofi-Aventis de Mexico, S.A.  de C.V.	TAXOTERE	Caja con 1 fco ampula de 80 mg.	Docetaxel
656	Schering Plough, S.A. de C.V.	 AVIANT	Jarabe 60 ml.	Desloratadina
657	Schering Plough, S.A. de C.V.	AVIANT	Soluci¢n  60 ml. 0.5mg/ml	Desloratadina
658	Schering Plough, S.A. de C.V.	AVIANT	 Caja con 10 tabletas de 5 mg.	Desloratadina
659	Schering Plough, S.A. de C.V.	AVIANT	 Caja con 20 tabletas de 5 mg.	Desloratadina
660	Schering Plough, S.A. de C.V.	BRIDION	Caja con frasco 100mg/ml vial 2ml	Sugammadex
661	Schering Plough, S.A. de C.V.	ELOVENT TWISTER	Frasco con 60 dosis de 200 mcg.	Mometazona Furoato de
662	Schering Plough, S.A. de C.V.	ELOVENT TWISTER	Frasco con 30 dosis de 200 mcg.	Mometazona Furoato de
663	Schering Plough, S.A. de C.V.	ETHYOL	Soluci¢n inyectable de 500 mg.	Amifostina
664	Schering Plough, S.A. de C.V.	JANUMET XR	Frasco con 14 tabletas de (100/1000 mg.)	Sitagliptina/Metformina
665	Schering Plough, S.A. de C.V.	JANUMET XR	Frasco con 28 tabletas de (100/1000 mg.)	Sitagliptina/Metformina
666	Schering Plough, S.A. de C.V.	JANUMET XR	Frasco con 28 tabletas de (50/500 mg.)	Sitagliptina/Metformina
667	Schering Plough, S.A. de C.V.	JANUMET XR	Frasco con 56 tabletas de (50/1000 mg.)	Sitagliptina/Metformina
668	Schering Plough, S.A. de C.V.	JANUMET XR	Frasco con 56 tabletas de (50/500 mg.)	Sitagliptina/Metformina
669	Schering Plough, S.A. de C.V.	KEYTRUDA	Caja con frasco ámpula con 100 mg/4mL.	Pembrolizumab
670	Schering Plough, S.A. de C.V.	ONICIT	Soluci¢n inyectable de 0.25 mg.	Palonosetron
671	Schering Plough, S.A. de C.V.	PEG PEN	Frasco  mpula con liofilizado con 80 mcg.	Peginterferon Alfa-2b
672	Schering Plough, S.A. de C.V.	PEG PEN	Frasco  mpula con liofilizado con 100 mcg.	Peginterferon Alfa-2b
673	Schering Plough, S.A. de C.V.	PEG PEN	Frasco  mpula con liofilizado con 120 mcg.	Peginterferon Alfa-2b
674	Schering Plough, S.A. de C.V.	PEG PEN	Caja con frasco ámpula 50 mcg.	Peginterferon Alfa-2b
675	Schering Plough, S.A. de C.V.	PEG PEN	Frasco  mpula con liofilizado con 50 mcg.	Peginterferon Alfa-2b
676	Schering Plough, S.A. de C.V.	PEG-INTRON 	Alfa 2B 1 vial con 100 mcg.	Peginterferon Alfa-2b
677	Schering Plough, S.A. de C.V.	PEG-INTRON 	Alfa 2B 1 vial con 120 mcg.	Peginterferon Alfa-2b
678	Schering Plough, S.A. de C.V.	PEG-INTRON 	Alfa 2B 1 vial con 150 mcg.	Peginterferon Alfa-2b
679	Schering Plough, S.A. de C.V.	PEG-INTRON 	Alfa 2B 1 vial con 80 mcg.	Peginterferon Alfa-2b
680	Schering Plough, S.A. de C.V.	PEG-INTRON 	Alfa 2B 1 vial con 50 mcg.	Peginterferon Alfa-2b
681	Schering Plough, S.A. de C.V.	RINELON	0.05% spray nasal 18 ml. 	Mometazona Furoato de
682	Schering Plough, S.A. de C.V.	RINELON	Soluci¢n Ped. 10 ml.	Mometazona Furoato de
683	Schering Plough, S.A. de C.V.	SPRIAFIL	Suspensión 40mg 105ml. Susp.1	Posaconazol
684	Schering Plough, S.A. de C.V.	TEMODAL	C psulas 100 mg.x 5	Temozolamida
685	Schering Plough, S.A. de C.V.	TEMODAL	C psulas 20 mg.x 5	Temozolamida
686	Schering Plough, S.A. de C.V.	VICTRELIS	Caja con 336 capsulas de 200 mg	Boceprevir
687	Schering Plough, S.A. de C.V.	ZENHALE	Caja con un frasco de aluminio dosificador conn 13 g(120 inhalaciones) de 100 mcg/5mcg por inhalacion.	Mometasona / Formoterol
688	Schering Plough, S.A. de C.V.	ZENHALE	Caja con un frasco de aluminio dosificador conn 13 g(120 inhalaciones) de 200 mcg/5mcg por inhalacion.	Mometasona / Formoterol
689	Schering Plough, S.A. de C.V.	ZIENT	Caja con 7  tabletas de 10 mg	Ezetimiba
690	Schering Plough, S.A. de C.V.	ZIENT	Caja con 14 tabletas de 10 mg	Ezetimiba
691	Schering Plough, S.A. de C.V.	ZIENT	Caja con 28 tabletas de 10 mg	Ezetimiba
692	Schering Plough, S.A. de C.V.	ZINTREPID	Caja con 14 comprimidos con 10 mg. / 10 mg.	Ezetimiba/Zimvastatina
693	Schering Plough, S.A. de C.V.	ZINTREPID	Caja con 28 comprimidos con  10 mg. / 10 mg.	Ezetimiba/Zimvastatina
694	Schering Plough, S.A. de C.V.	ZINTREPID	Caja con 7 comprimidos con 10 mg. / 20 mg. 	Ezetimiba/Zimvastatina
695	Schering Plough, S.A. de C.V.	ZINTREPID	Caja con 14 comprimidos con 10 mg. / 20 mg.	Ezetimiba/Zimvastatina
696	Schering Plough, S.A. de C.V.	ZINTREPID	Caja con 28 comprimidos con 10 mg. / 20 mg.	Ezetimiba/Zimvastatina
697	Schering Plough, S.A. de C.V.	ZINTREPID	Caja con 14 comprimidos con 10 mg. / 40 mg.	Ezetimiba/Zimvastatina
698	Schering Plough, S.A. de C.V.	ZINTREPID	Caja con 28 comprimidos con 10 mg. / 40 mg.	Ezetimiba/Zimvastatina
699	Serono de Mexico, S.A. de C.V.	GONAL- F 1050	Caja cart¢n c/1 fco. µmpula c/liof., 1 jeringa prell. c/2 ml. de diluy., 15 jeringas desech. p/la adm¢n. graduada en unidades de FSH y 15 toallitas c/alcohol e instructivo, p/la concentraci¢n de 1200 U.I./2ml. [1050 UI (77 mcg)/1.75]	Folitropina Alfa
700	Serono de Mexico, S.A. de C.V.	GONAL- F 450	Caja cart¢n c/1 fco. µmpula c/liof., 1 jeringa prell. c/1 ml. de diluy., 7 jeringas desech. p/la adm¢n. Graduada en unidades de FSH y 7 toallitas c/alcohol e instructivo, p/la concentraci¢n 600 U.I./ml.	Folitropina Alfa
701	Serono de Mexico, S.A. de C.V.	GONAL- F 75	Caja c/fco. Amp. C/liof. 1 jeringa prell. c/diluy.,1 aguja esteril p/extraer la sol. 1 aguja p/iny., 2 toall. c/alcohol.	Folitropina Alfa
702	Serono de Mexico, S.A. de C.V.	GONAL- F PEN 300	Caja con cartucho prellenado con 0.5 ml. de soluci¢n inyectable [300 UI/22 mcg] con jeringa tipo pluma y 5 agujas.	Folitropina Alfa
703	Serono de Mexico, S.A. de C.V.	GONAL- F PEN 450	Caja con cartucho prellenado con 0.75 ml. de soluci¢n inyectable [450 UI/33 mcg] con jeringa tipo pluma y 7 agujas.	Folitropina Alfa
704	Serono de Mexico, S.A. de C.V.	GONAL- F PEN 900	Caja con cartucho prellenado con 1.5 ml. de soluci¢n inyectable [900 UI/66 mcg] con jeringa tipo pluma y 14 agujas.	Folitropina Alfa
705	Serono de Mexico, S.A. de C.V.	RAPTIVA	Caja con 4 unidades, cada unidad contiene un frasco  mpula de 125 mg. etiquetado con jeringa prellenada con 1.3 ml. de diluyente, dos agujas y dos toallitas con alcohol.	Efalizamab
706	Shire Pharmaceuticals Mexico, S.A. de C.V.	VYVANSE	Caja con 28 c psulas de 30 mg	Lisdexanfetamina
707	Shire Pharmaceuticals Mexico, S.A. de C.V.	VYVANSE	Caja con 28 c psulas de 50 mg	Lisdexanfetamina
708	Shire Pharmaceuticals Mexico, S.A. de C.V.	VYVANSE	Caja con 28 c psulas de 70 mg	Lisdexanfetamina
709	Takeda Mexico, S.A. de C.V.	DEXIVANT	Caja con 14 c psulas con 30 mg.	Dexlansoprazol
710	Takeda Mexico, S.A. de C.V.	DEXIVANT	Caja con 7 c psulas con 60 mg.	Dexlansoprazol
711	Takeda Mexico, S.A. de C.V.	DEXIVANT	Caja con 14 c psulas con 60 mg.	Dexlansoprazol
712	Takeda Mexico, S.A. de C.V.	EDARBI	Frasco con 14 tabletas de 40 mg	Azilsartan Medoxomilo
713	Takeda Mexico, S.A. de C.V.	EDARBI	Frasco con 28 tabletas de 40 mg	Azilsartan Medoxomilo
714	Takeda Mexico, S.A. de C.V.	EDARBI	Frasco con 14 tabletas de 80 mg	Azilsartan Medoxomilo
715	Takeda Mexico, S.A. de C.V.	EDARBI	Frasco con 28 tabletas de 80 mg	Azilsartan Medoxomilo
716	Takeda Mexico, S.A. de C.V.	EDARBI CLD	Frasco con 14 tabletas de 40 mg	Azilsartan Medoxomilo/Clortalidona
717	Takeda Mexico, S.A. de C.V.	EDARBI CLD	Frasco con 28 tabletas de 40 mg	Azilsartan Medoxomilo/Clortalidona
718	Takeda Mexico, S.A. de C.V.	EDARBI CLD	Frasco con 14 tabletas de 80 mg	Azilsartan Medoxomilo/Clortalidona
719	Takeda Mexico, S.A. de C.V.	EDARBI CLD	Frasco con 28 tabletas de 80 mg	Azilsartan Medoxomilo/Clortalidona
720	Takeda Mexico, S.A. de C.V.	INCRESINA	Frasco con 28 tabletas de 12.5 mg	Alogliptina
721	Takeda Mexico, S.A. de C.V.	INCRESINA	Frasco con 14 tabletas de 25 mg	Alogliptina
722	Takeda Mexico, S.A. de C.V.	INCRESINA	Frasco con 28 tabletas de 25 mg	Alogliptina
723	Takeda Mexico, S.A. de C.V.	INCRESINA P	Frasco con 28 tabletas de 25mg/15mg	Alogliptina/Pioglitazona
724	Takeda Mexico, S.A. de C.V.	INCRESINA P	Frasco con 28 tabletas de 25mg/30mg	Alogliptina/Pioglitazona
725	Takeda Mexico, S.A. de C.V.	RENEGY	Caja con frasco  mpula de 10 ml (500mg/ml)	Carboximaltosa f‚rrica
726	Takeda Mexico, S.A. de C.V.	TURAZIVE	Caja con frasco con 15 tabletas de 80 mg.	Febuxostat
727	Takeda Mexico, S.A. de C.V.	TURAZIVE	Caja con frasco con 30 tabletas de 80 mg.	Febuxostat
728	Undra, S.A. de C.V.	AZOMYR	Caja con frasco con soluci¢n de 60 ml.	Desloratadina
729	Undra, S.A. de C.V.	AZOMYR	Caja con 10 tabletas	Desloratadina
730	Undra, S.A. de C.V.	AZOMYR	Caja con 20 tabletas	Desloratadina
731	Undra, S.A. de C.V.	AZOMYR	Frasco con 60 ml. Jarabe	Desloratadina
732	Undra, S.A. de C.V.	FAZIQUE	Caja con 14 comprimidos de 100 mg.	Sitagliptina
733	Undra, S.A. de C.V.	FAZIQUE	Caja con 28 comprimidos de 100 mg.	Sitagliptina
734	Undra, S.A. de C.V.	FAZIQUE	Caja con 28 comprimidos de 25 mg.	Sitagliptina
735	Undra, S.A. de C.V.	FAZIQUE	Caja con 28 comprimidos de 50 mg.	Sitagliptina
736	Undra, S.A. de C.V.	UNICLAR	Soluci¢n pediatrico 10 ml.	Mometazona, Furoato de 
737	Undra, S.A. de C.V.	UNICLAR	Spray nasal 18 ml.	Mometazona, Furoato de
738	Undra, S.A. de C.V.	VELMETIA	Caja con 28 comprimidos 50/500 mg.	Sitagliptina/metformina
739	Undra, S.A. de C.V.	VELMETIA	Caja con 28 comprimidos 50/850 mg.	Sitagliptina/metformina
740	Undra, S.A. de C.V.	VELMETIA	Caja con 56 comprimidos 50/1000 mg.	Sitagliptina/metformina
741	Undra, S.A. de C.V.	VELMETIA	Caja con 56 comprimidos 50/500 mg.	Sitagliptina/metformina
742	Undra, S.A. de C.V.	VELMETIA	Caja con 56 comprimidos 50/850 mg.	Sitagliptina/metformina
